chemical,species,sex,n_c_total,n_fluorinated_c,head_group,n_ether_o,n_branch,mw_g_mol,fu_pct,cl_total_mL_kg_day,cl_renal_mL_kg_day,vss_L_kg,mrt_d,R_gfr_argoul,log10R_gfr_argoul,R_gfr_han,log10R_gfr_han,fr_equiv_1_minus_R,provenance
PFBA,mouse,female,4,3,carboxylate,0,0,214.04,77.0,783.0,783.0,0.14,0.18,0.101688,-0.993,0.060891,-1.215,0.8983,Argoul 2026 Tables 1/2/4; descriptors assigned here; R computed here
PFHxA,mouse,female,6,5,carboxylate,0,0,314.05,25.0,6830.0,6780.0,4.0,0.63,2.712,0.433,1.623952,0.211,-1.712,Argoul 2026 Tables 1/2/4; descriptors assigned here; R computed here
PFOA,mouse,female,8,7,carboxylate,0,0,414.07,0.87,4.5,3.59,0.089,19.5,0.041264,-1.384,0.024709,-1.607,0.9587,Argoul 2026 Tables 1/2/4; descriptors assigned here; R computed here
PFNA,mouse,female,9,8,carboxylate,0,0,464.08,0.35,2.1,0.6,0.11,52.8,0.017143,-1.766,0.010265,-1.989,0.9829,Argoul 2026 Tables 1/2/4; descriptors assigned here; R computed here
PFDA,mouse,female,10,9,carboxylate,0,0,514.08,0.42,1.8,0.13,0.12,68.1,0.003095,-2.509,0.001853,-2.732,0.9969,Argoul 2026 Tables 1/2/4; descriptors assigned here; R computed here
PFBS,mouse,female,4,4,sulfonate,0,0,300.1,29.0,,,0.17,,,,,,,Argoul 2026 Tables 1/2/4; descriptors assigned here; R computed here
PFHxS,mouse,female,6,6,sulfonate,0,0,400.12,1.3,1.3,0.589,0.062,46.5,0.004531,-2.344,0.002713,-2.567,0.9955,Argoul 2026 Tables 1/2/4; descriptors assigned here; R computed here
PFOS,mouse,female,8,8,sulfonate,0,0,500.13,0.25,2.7,1.24,0.11,43.1,0.0496,-1.305,0.029701,-1.527,0.9504,Argoul 2026 Tables 1/2/4; descriptors assigned here; R computed here
PFDS,mouse,female,10,10,sulfonate,0,0,600.15,,5.2,,0.28,53.3,,,,,,Argoul 2026 Tables 1/2/4; descriptors assigned here; R computed here
GenX,mouse,female,6,5,ether-carboxylate,1,1,330.05,26.0,274.0,269.0,0.095,0.35,0.103462,-0.985,0.061953,-1.208,0.8965,Argoul 2026 Tables 1/2/4; descriptors assigned here; R computed here
PFO2OA,mouse,female,6,5,ether-carboxylate,2,0,346.05,10.0,1570.0,1533.0,0.48,0.32,1.533,0.186,0.917964,-0.037,-0.533,Argoul 2026 Tables 1/2/4; descriptors assigned here; R computed here
