transporter,species,chemical,measure,value,units,direction,condition,study,year,pmid_or_doi,provenance,notes
Oat1,,PFHpA,Km,,,,,"Weaver YM, Ehresman DJ, Butenhoff JL, Hagenbuch B",2010,19915082,transporter_kinetics.csv,
Oat1,,PFOA,Km,,,,,"Weaver YM, Ehresman DJ, Butenhoff JL, Hagenbuch B",2010,19915082,transporter_kinetics.csv,
Oat3,,PFOA,Km,,,,,"Weaver YM, Ehresman DJ, Butenhoff JL, Hagenbuch B",2010,19915082,transporter_kinetics.csv,
Oat3,,PFNA,Km,,,,,"Weaver YM, Ehresman DJ, Butenhoff JL, Hagenbuch B",2010,19915082,transporter_kinetics.csv,
Oatp1a1,,PFOA,Km,,,,,"Weaver YM, Ehresman DJ, Butenhoff JL, Hagenbuch B",2010,19915082,transporter_kinetics.csv,
Oatp1a1,,PFNA,Km,,,,,"Weaver YM, Ehresman DJ, Butenhoff JL, Hagenbuch B",2010,19915082,transporter_kinetics.csv,
Oatp1a1,,PFDA,Km,,,,,"Weaver YM, Ehresman DJ, Butenhoff JL, Hagenbuch B",2010,19915082,transporter_kinetics.csv,
Oat2,,"PFHpA, PFOA, PFNA, PFDA (C7-C10)",Km,,,,,"Weaver YM, Ehresman DJ, Butenhoff JL, Hagenbuch B",2010,19915082,transporter_kinetics.csv,
Urat1,,PFOA,Km,,,,,"Weaver YM, Ehresman DJ, Butenhoff JL, Hagenbuch B",2010,19915082,transporter_kinetics.csv,
Oat1,,"PFHxA, PFHpA, PFOA (C6, C7, C8)",Km,,,,,"Weaver YM, Ehresman DJ, Butenhoff JL, Hagenbuch B",2010,19915082,transporter_kinetics.csv,
Oatp1a1,,"PFNA, PFDA, PFUnDA (C9, C10, C11)",Km,,,,,"Weaver YM, Ehresman DJ, Butenhoff JL, Hagenbuch B",2010,19915082,transporter_kinetics.csv,
Oatp1a1,,PFOA,Km,,,,,"Yang CH, Glover KP, Han X",2009,19616083,transporter_kinetics.csv,
Oatp1a1,,PFHxA,Km,,,,,"Yang CH, Glover KP, Han X",2009,19616083,transporter_kinetics.csv,
Oatp1a1,,PFHpA,Km,,,,,"Yang CH, Glover KP, Han X",2009,19616083,transporter_kinetics.csv,
Oatp1a1,,PFOA,Km,,,,,"Yang CH, Glover KP, Han X",2009,19616083,transporter_kinetics.csv,
Oatp1a1,,PFNA,Km,,,,,"Yang CH, Glover KP, Han X",2009,19616083,transporter_kinetics.csv,
Oatp1a1,,PFDA,Km,,,,,"Yang CH, Glover KP, Han X",2009,19616083,transporter_kinetics.csv,
Oatp1a1,,"PFBA, PFPeA (C4, C5)",Km,,,,,"Yang CH, Glover KP, Han X",2009,19616083,transporter_kinetics.csv,
OAT4,,PFOA,Km,,,,,"Yang CH, Glover KP, Han X",2010,20639259,transporter_kinetics.csv,
OAT4,,PFOA,Km,,,,,"Yang CH, Glover KP, Han X",2010,20639259,transporter_kinetics.csv,
URAT1,,PFOA,Km,,,,,"Yang CH, Glover KP, Han X",2010,20639259,transporter_kinetics.csv,
OATP1A2,,PFOA,Km,,,,,"Yang CH, Glover KP, Han X",2010,20639259,transporter_kinetics.csv,
OAT4 and URAT1,,linear PFCAs C4-C12,Km,,,,,"Yang CH, Glover KP, Han X",2010,20639259,transporter_kinetics.csv,
OAT1,,PFOA,Km,,,,,"Nakagawa H, Hirata T, Terada T, Jutabha P, Miura D, Harada KH, Inoue K, Anzai N, Endou H, Inui K, Kanai Y, Koizumi A",2008,18373647,transporter_kinetics.csv,
OAT1,,PFOA,Km,,,,,"Nakagawa H, Hirata T, Terada T, Jutabha P, Miura D, Harada KH, Inoue K, Anzai N, Endou H, Inui K, Kanai Y, Koizumi A",2008,18373647,transporter_kinetics.csv,
OAT3,,PFOA,Km,,,,,"Nakagawa H, Hirata T, Terada T, Jutabha P, Miura D, Harada KH, Inoue K, Anzai N, Endou H, Inui K, Kanai Y, Koizumi A",2008,18373647,transporter_kinetics.csv,
OAT3,,PFOA,Km,,,,,"Nakagawa H, Hirata T, Terada T, Jutabha P, Miura D, Harada KH, Inoue K, Anzai N, Endou H, Inui K, Kanai Y, Koizumi A",2008,18373647,transporter_kinetics.csv,
OAT2,,PFOA,Km,,,,,"Nakagawa H, Hirata T, Terada T, Jutabha P, Miura D, Harada KH, Inoue K, Anzai N, Endou H, Inui K, Kanai Y, Koizumi A",2008,18373647,transporter_kinetics.csv,
OAT4,,PFOA,Km,,,,,"Nakagawa H, Terada T, Harada KH, Hitomi T, Inoue K, Inui K, Koizumi A",2009,19371258,transporter_kinetics.csv,
OAT4,,PFHpA,Km,,,,,"Louisse J, Dellafiora L, van den Heuvel JJMW, Rijkers D, Leenders L, Dorne JCM, Punt A, Russel FGM, Koenderink JB",2023,36436016,transporter_kinetics.csv,
OAT4,,PFOA,Km,,,,,"Louisse J, Dellafiora L, van den Heuvel JJMW, Rijkers D, Leenders L, Dorne JCM, Punt A, Russel FGM, Koenderink JB",2023,36436016,transporter_kinetics.csv,
OAT4,,PFNA,Km,,,,,"Louisse J, Dellafiora L, van den Heuvel JJMW, Rijkers D, Leenders L, Dorne JCM, Punt A, Russel FGM, Koenderink JB",2023,36436016,transporter_kinetics.csv,
OAT4,,PFDA,Km,,,,,"Louisse J, Dellafiora L, van den Heuvel JJMW, Rijkers D, Leenders L, Dorne JCM, Punt A, Russel FGM, Koenderink JB",2023,36436016,transporter_kinetics.csv,
OAT4,,PFHxS,Km,,,,,"Louisse J, Dellafiora L, van den Heuvel JJMW, Rijkers D, Leenders L, Dorne JCM, Punt A, Russel FGM, Koenderink JB",2023,36436016,transporter_kinetics.csv,
OAT4,,PFOS,Km,,,,,"Louisse J, Dellafiora L, van den Heuvel JJMW, Rijkers D, Leenders L, Dorne JCM, Punt A, Russel FGM, Koenderink JB",2023,36436016,transporter_kinetics.csv,
OAT4,,PFBS,Km,,,,,"Louisse J, Dellafiora L, van den Heuvel JJMW, Rijkers D, Leenders L, Dorne JCM, Punt A, Russel FGM, Koenderink JB",2023,36436016,transporter_kinetics.csv,
URAT1,,"PFHpA, PFOA, PFNA, PFDA, PFBS, PFHxS, PFOS",Km,,,,,"Louisse J, Dellafiora L, van den Heuvel JJMW, Rijkers D, Leenders L, Dorne JCM, Punt A, Russel FGM, Koenderink JB",2023,36436016,transporter_kinetics.csv,
OAT1,,"substrates: PFHpA, PFOA | non-substrates: PFNA, PFBS, PFHxS, PFOS",Km,,,,,"Louisse J, Pedroni L, van den Heuvel JJMW, et al.",2024,39343156,transporter_kinetics.csv,
OAT2,,"substrates: none | non-substrates: PFHpA, PFOA, PFNA, PFBS, PFHxS, PFOS",Km,,,,,"Louisse J, Pedroni L, van den Heuvel JJMW, et al.",2024,39343156,transporter_kinetics.csv,
OAT3,,"substrates: PFHpA, PFOA, PFNA, PFHxS | non-substrates: PFBS, PFOS",Km,,,,,"Louisse J, Pedroni L, van den Heuvel JJMW, et al.",2024,39343156,transporter_kinetics.csv,
NTCP,,PFBS,Km,,,,,"Zhao W, Zitzow JD, Ehresman DJ, Chang SC, Butenhoff JL, Forster J, Hagenbuch B",2015,26001962,transporter_kinetics.csv,
NTCP,,PFHxS,Km,,,,,"Zhao W, Zitzow JD, Ehresman DJ, Chang SC, Butenhoff JL, Forster J, Hagenbuch B",2015,26001962,transporter_kinetics.csv,
NTCP,,PFOS,Km,,,,,"Zhao W, Zitzow JD, Ehresman DJ, Chang SC, Butenhoff JL, Forster J, Hagenbuch B",2015,26001962,transporter_kinetics.csv,
Ntcp,,PFBS,Km,,,,,"Zhao W, Zitzow JD, Ehresman DJ, Chang SC, Butenhoff JL, Forster J, Hagenbuch B",2015,26001962,transporter_kinetics.csv,
Ntcp,,PFHxS,Km,,,,,"Zhao W, Zitzow JD, Ehresman DJ, Chang SC, Butenhoff JL, Forster J, Hagenbuch B",2015,26001962,transporter_kinetics.csv,
ASBT,,PFOS,Km,,,,,"Zhao W, Zitzow JD, Ehresman DJ, Chang SC, Butenhoff JL, Forster J, Hagenbuch B",2015,26001962,transporter_kinetics.csv,
Asbt,,"PFBS, PFHxS, PFOS",Km,,,,,"Zhao W, Zitzow JD, Ehresman DJ, Chang SC, Butenhoff JL, Forster J, Hagenbuch B",2015,26001962,transporter_kinetics.csv,
OSTalpha/OSTbeta,,"PFBS, PFHxS, PFOS",Km,,,,,"Zhao W, Zitzow JD, Ehresman DJ, Chang SC, Butenhoff JL, Forster J, Hagenbuch B",2015,26001962,transporter_kinetics.csv,
MRP2,,PFBS,Km,,,,,"Zhao W, Zitzow JD, Ehresman DJ, Chang SC, Butenhoff JL, Forster J, Hagenbuch B",2015,26001962,transporter_kinetics.csv,
MRP2,,PFHxS,Km,,,,,"Zhao W, Zitzow JD, Ehresman DJ, Chang SC, Butenhoff JL, Forster J, Hagenbuch B",2015,26001962,transporter_kinetics.csv,
MRP2,,PFOS,Km,,,,,"Zhao W, Zitzow JD, Ehresman DJ, Chang SC, Butenhoff JL, Forster J, Hagenbuch B",2015,26001962,transporter_kinetics.csv,
BCRP,,"PFBS, PFHxS, PFOS",Km,,,,,"Zhao W, Zitzow JD, Ehresman DJ, Chang SC, Butenhoff JL, Forster J, Hagenbuch B",2015,26001962,transporter_kinetics.csv,
BSEP,,PFOS,Km,,,,,"Zhao W, Zitzow JD, Ehresman DJ, Chang SC, Butenhoff JL, Forster J, Hagenbuch B",2015,26001962,transporter_kinetics.csv,
OATP1B1,,PFBS,Km,,,,,"Zhao W, Zitzow JD, Weaver Y, Ehresman DJ, Chang SC, Butenhoff JL, Hagenbuch B",2017,28013215,transporter_kinetics.csv,
OATP1B1,,PFHxS,Km,,,,,"Zhao W, Zitzow JD, Weaver Y, Ehresman DJ, Chang SC, Butenhoff JL, Hagenbuch B",2017,28013215,transporter_kinetics.csv,
OATP1B1,,PFOS,Km,,,,,"Zhao W, Zitzow JD, Weaver Y, Ehresman DJ, Chang SC, Butenhoff JL, Hagenbuch B",2017,28013215,transporter_kinetics.csv,
OATP1B3,,PFBS,Km,,,,,"Zhao W, Zitzow JD, Weaver Y, Ehresman DJ, Chang SC, Butenhoff JL, Hagenbuch B",2017,28013215,transporter_kinetics.csv,
OATP1B3,,PFHxS,Km,,,,,"Zhao W, Zitzow JD, Weaver Y, Ehresman DJ, Chang SC, Butenhoff JL, Hagenbuch B",2017,28013215,transporter_kinetics.csv,
OATP1B3,,PFOS,Km,,,,,"Zhao W, Zitzow JD, Weaver Y, Ehresman DJ, Chang SC, Butenhoff JL, Hagenbuch B",2017,28013215,transporter_kinetics.csv,
OATP2B1,,PFBS,Km,,,,,"Zhao W, Zitzow JD, Weaver Y, Ehresman DJ, Chang SC, Butenhoff JL, Hagenbuch B",2017,28013215,transporter_kinetics.csv,
OATP2B1,,PFHxS,Km,,,,,"Zhao W, Zitzow JD, Weaver Y, Ehresman DJ, Chang SC, Butenhoff JL, Hagenbuch B",2017,28013215,transporter_kinetics.csv,
OATP2B1,,PFOS,Km,,,,,"Zhao W, Zitzow JD, Weaver Y, Ehresman DJ, Chang SC, Butenhoff JL, Hagenbuch B",2017,28013215,transporter_kinetics.csv,
Oatp1a1,,PFHxS,Km,,,,,"Zhao W, Zitzow JD, Weaver Y, Ehresman DJ, Chang SC, Butenhoff JL, Hagenbuch B",2017,28013215,transporter_kinetics.csv,
Oatp1a1,,PFOS,Km,,,,,"Zhao W, Zitzow JD, Weaver Y, Ehresman DJ, Chang SC, Butenhoff JL, Hagenbuch B",2017,28013215,transporter_kinetics.csv,
Oatp1a5,,PFBS,Km,,,,,"Zhao W, Zitzow JD, Weaver Y, Ehresman DJ, Chang SC, Butenhoff JL, Hagenbuch B",2017,28013215,transporter_kinetics.csv,
Oatp1a5,,PFHxS,Km,,,,,"Zhao W, Zitzow JD, Weaver Y, Ehresman DJ, Chang SC, Butenhoff JL, Hagenbuch B",2017,28013215,transporter_kinetics.csv,
Oatp1a5,,PFOS,Km,,,,,"Zhao W, Zitzow JD, Weaver Y, Ehresman DJ, Chang SC, Butenhoff JL, Hagenbuch B",2017,28013215,transporter_kinetics.csv,
Oatp1b2 and Oatp2b1,,"PFBS, PFHxS, PFOS",Km,,,,,"Zhao W, Zitzow JD, Weaver Y, Ehresman DJ, Chang SC, Butenhoff JL, Hagenbuch B",2017,28013215,transporter_kinetics.csv,
"OATP1B1, OATP1B3, OATP2B1",,PFOA (C8) and PFNA (C9) transported; PFHpA (C7) not,Km,,,,,US EPA (2024) PFOA assessment citing Zhao W et al. 2017,2017,28013215,transporter_kinetics.csv,
OAT1,,PFBA,Km,,,,,"Ryu S, Yamaguchi E, Sadegh Modaresi SM, et al.",2024,38801906,transporter_kinetics.csv,
OAT2,,PFBA,Km,,,,,"Ryu S, Yamaguchi E, Sadegh Modaresi SM, et al.",2024,38801906,transporter_kinetics.csv,
OAT3,,PFBA,Km,,,,,"Ryu S, Yamaguchi E, Sadegh Modaresi SM, et al.",2024,38801906,transporter_kinetics.csv,
OAT4,,PFBA,Km,,,,,"Ryu S, Yamaguchi E, Sadegh Modaresi SM, et al.",2024,38801906,transporter_kinetics.csv,
OCT2,,PFBA,Km,,,,,"Ryu S, Yamaguchi E, Sadegh Modaresi SM, et al.",2024,38801906,transporter_kinetics.csv,
OAT1,,PFPeA,Km,,,,,"Ryu S, Yamaguchi E, Sadegh Modaresi SM, et al.",2024,38801906,transporter_kinetics.csv,
OAT2,,PFPeA,Km,,,,,"Ryu S, Yamaguchi E, Sadegh Modaresi SM, et al.",2024,38801906,transporter_kinetics.csv,
OAT3,,PFPeA,Km,,,,,"Ryu S, Yamaguchi E, Sadegh Modaresi SM, et al.",2024,38801906,transporter_kinetics.csv,
OAT4,,PFPeA,Km,,,,,"Ryu S, Yamaguchi E, Sadegh Modaresi SM, et al.",2024,38801906,transporter_kinetics.csv,
OCT2,,PFPeA,Km,,,,,"Ryu S, Yamaguchi E, Sadegh Modaresi SM, et al.",2024,38801906,transporter_kinetics.csv,
OAT1,,PFHxA,Km,,,,,"Ryu S, Yamaguchi E, Sadegh Modaresi SM, et al.",2024,38801906,transporter_kinetics.csv,
OAT2,,PFHxA,Km,,,,,"Ryu S, Yamaguchi E, Sadegh Modaresi SM, et al.",2024,38801906,transporter_kinetics.csv,
OAT3,,PFHxA,Km,,,,,"Ryu S, Yamaguchi E, Sadegh Modaresi SM, et al.",2024,38801906,transporter_kinetics.csv,
OAT4,,PFHxA,Km,,,,,"Ryu S, Yamaguchi E, Sadegh Modaresi SM, et al.",2024,38801906,transporter_kinetics.csv,
OCT2,,PFHxA,Km,,,,,"Ryu S, Yamaguchi E, Sadegh Modaresi SM, et al.",2024,38801906,transporter_kinetics.csv,
OAT1,,PFHpA,Km,,,,,"Ryu S, Yamaguchi E, Sadegh Modaresi SM, et al.",2024,38801906,transporter_kinetics.csv,
OAT2,,PFHpA,Km,,,,,"Ryu S, Yamaguchi E, Sadegh Modaresi SM, et al.",2024,38801906,transporter_kinetics.csv,
OAT3,,PFHpA,Km,,,,,"Ryu S, Yamaguchi E, Sadegh Modaresi SM, et al.",2024,38801906,transporter_kinetics.csv,
OAT4,,PFHpA,Km,,,,,"Ryu S, Yamaguchi E, Sadegh Modaresi SM, et al.",2024,38801906,transporter_kinetics.csv,
OCT2,,PFHpA,Km,,,,,"Ryu S, Yamaguchi E, Sadegh Modaresi SM, et al.",2024,38801906,transporter_kinetics.csv,
OAT1,,PFOA,Km,,,,,"Ryu S, Yamaguchi E, Sadegh Modaresi SM, et al.",2024,38801906,transporter_kinetics.csv,
OAT2,,PFOA,Km,,,,,"Ryu S, Yamaguchi E, Sadegh Modaresi SM, et al.",2024,38801906,transporter_kinetics.csv,
OAT3,,PFOA,Km,,,,,"Ryu S, Yamaguchi E, Sadegh Modaresi SM, et al.",2024,38801906,transporter_kinetics.csv,
OAT4,,PFOA,Km,,,,,"Ryu S, Yamaguchi E, Sadegh Modaresi SM, et al.",2024,38801906,transporter_kinetics.csv,
OCT2,,PFOA,Km,,,,,"Ryu S, Yamaguchi E, Sadegh Modaresi SM, et al.",2024,38801906,transporter_kinetics.csv,
OAT1,,PFNA,Km,,,,,"Ryu S, Yamaguchi E, Sadegh Modaresi SM, et al.",2024,38801906,transporter_kinetics.csv,
OAT2,,PFNA,Km,,,,,"Ryu S, Yamaguchi E, Sadegh Modaresi SM, et al.",2024,38801906,transporter_kinetics.csv,
OAT3,,PFNA,Km,,,,,"Ryu S, Yamaguchi E, Sadegh Modaresi SM, et al.",2024,38801906,transporter_kinetics.csv,
OAT4,,PFNA,Km,,,,,"Ryu S, Yamaguchi E, Sadegh Modaresi SM, et al.",2024,38801906,transporter_kinetics.csv,
OCT2,,PFNA,Km,,,,,"Ryu S, Yamaguchi E, Sadegh Modaresi SM, et al.",2024,38801906,transporter_kinetics.csv,
OAT1,,PFDA,Km,,,,,"Ryu S, Yamaguchi E, Sadegh Modaresi SM, et al.",2024,38801906,transporter_kinetics.csv,
OAT2,,PFDA,Km,,,,,"Ryu S, Yamaguchi E, Sadegh Modaresi SM, et al.",2024,38801906,transporter_kinetics.csv,
OAT3,,PFDA,Km,,,,,"Ryu S, Yamaguchi E, Sadegh Modaresi SM, et al.",2024,38801906,transporter_kinetics.csv,
OAT4,,PFDA,Km,,,,,"Ryu S, Yamaguchi E, Sadegh Modaresi SM, et al.",2024,38801906,transporter_kinetics.csv,
OCT2,,PFDA,Km,,,,,"Ryu S, Yamaguchi E, Sadegh Modaresi SM, et al.",2024,38801906,transporter_kinetics.csv,
OAT1,,PFUnDA,Km,,,,,"Ryu S, Yamaguchi E, Sadegh Modaresi SM, et al.",2024,38801906,transporter_kinetics.csv,
OAT2,,PFUnDA,Km,,,,,"Ryu S, Yamaguchi E, Sadegh Modaresi SM, et al.",2024,38801906,transporter_kinetics.csv,
OAT3,,PFUnDA,Km,,,,,"Ryu S, Yamaguchi E, Sadegh Modaresi SM, et al.",2024,38801906,transporter_kinetics.csv,
OAT4,,PFUnDA,Km,,,,,"Ryu S, Yamaguchi E, Sadegh Modaresi SM, et al.",2024,38801906,transporter_kinetics.csv,
OCT2,,PFUnDA,Km,,,,,"Ryu S, Yamaguchi E, Sadegh Modaresi SM, et al.",2024,38801906,transporter_kinetics.csv,
OAT1,,PFDoDA,Km,,,,,"Ryu S, Yamaguchi E, Sadegh Modaresi SM, et al.",2024,38801906,transporter_kinetics.csv,
OAT2,,PFDoDA,Km,,,,,"Ryu S, Yamaguchi E, Sadegh Modaresi SM, et al.",2024,38801906,transporter_kinetics.csv,
OAT3,,PFDoDA,Km,,,,,"Ryu S, Yamaguchi E, Sadegh Modaresi SM, et al.",2024,38801906,transporter_kinetics.csv,
OAT4,,PFDoDA,Km,,,,,"Ryu S, Yamaguchi E, Sadegh Modaresi SM, et al.",2024,38801906,transporter_kinetics.csv,
OCT2,,PFDoDA,Km,,,,,"Ryu S, Yamaguchi E, Sadegh Modaresi SM, et al.",2024,38801906,transporter_kinetics.csv,
OAT1,,PFBS,Km,,,,,"Ryu S, Yamaguchi E, Sadegh Modaresi SM, et al.",2024,38801906,transporter_kinetics.csv,
OAT2,,PFBS,Km,,,,,"Ryu S, Yamaguchi E, Sadegh Modaresi SM, et al.",2024,38801906,transporter_kinetics.csv,
OAT3,,PFBS,Km,,,,,"Ryu S, Yamaguchi E, Sadegh Modaresi SM, et al.",2024,38801906,transporter_kinetics.csv,
OAT4,,PFBS,Km,,,,,"Ryu S, Yamaguchi E, Sadegh Modaresi SM, et al.",2024,38801906,transporter_kinetics.csv,
OCT2,,PFBS,Km,,,,,"Ryu S, Yamaguchi E, Sadegh Modaresi SM, et al.",2024,38801906,transporter_kinetics.csv,
OAT1,,PFHxS,Km,,,,,"Ryu S, Yamaguchi E, Sadegh Modaresi SM, et al.",2024,38801906,transporter_kinetics.csv,
OAT2,,PFHxS,Km,,,,,"Ryu S, Yamaguchi E, Sadegh Modaresi SM, et al.",2024,38801906,transporter_kinetics.csv,
OAT3,,PFHxS,Km,,,,,"Ryu S, Yamaguchi E, Sadegh Modaresi SM, et al.",2024,38801906,transporter_kinetics.csv,
OAT4,,PFHxS,Km,,,,,"Ryu S, Yamaguchi E, Sadegh Modaresi SM, et al.",2024,38801906,transporter_kinetics.csv,
OCT2,,PFHxS,Km,,,,,"Ryu S, Yamaguchi E, Sadegh Modaresi SM, et al.",2024,38801906,transporter_kinetics.csv,
OAT1,,PFOS,Km,,,,,"Ryu S, Yamaguchi E, Sadegh Modaresi SM, et al.",2024,38801906,transporter_kinetics.csv,
OAT2,,PFOS,Km,,,,,"Ryu S, Yamaguchi E, Sadegh Modaresi SM, et al.",2024,38801906,transporter_kinetics.csv,
OAT3,,PFOS,Km,,,,,"Ryu S, Yamaguchi E, Sadegh Modaresi SM, et al.",2024,38801906,transporter_kinetics.csv,
OAT4,,PFOS,Km,,,,,"Ryu S, Yamaguchi E, Sadegh Modaresi SM, et al.",2024,38801906,transporter_kinetics.csv,
OCT2,,PFOS,Km,,,,,"Ryu S, Yamaguchi E, Sadegh Modaresi SM, et al.",2024,38801906,transporter_kinetics.csv,
OAT1,,6:2 FTS,Km,,,,,"Ryu S, Yamaguchi E, Sadegh Modaresi SM, et al.",2024,38801906,transporter_kinetics.csv,
OAT2,,6:2 FTS,Km,,,,,"Ryu S, Yamaguchi E, Sadegh Modaresi SM, et al.",2024,38801906,transporter_kinetics.csv,
OAT3,,6:2 FTS,Km,,,,,"Ryu S, Yamaguchi E, Sadegh Modaresi SM, et al.",2024,38801906,transporter_kinetics.csv,
OAT4,,6:2 FTS,Km,,,,,"Ryu S, Yamaguchi E, Sadegh Modaresi SM, et al.",2024,38801906,transporter_kinetics.csv,
OCT2,,6:2 FTS,Km,,,,,"Ryu S, Yamaguchi E, Sadegh Modaresi SM, et al.",2024,38801906,transporter_kinetics.csv,
OAT1,,PFOSA,Km,,,,,"Ryu S, Yamaguchi E, Sadegh Modaresi SM, et al.",2024,38801906,transporter_kinetics.csv,
OAT2,,PFOSA,Km,,,,,"Ryu S, Yamaguchi E, Sadegh Modaresi SM, et al.",2024,38801906,transporter_kinetics.csv,
OAT3,,PFOSA,Km,,,,,"Ryu S, Yamaguchi E, Sadegh Modaresi SM, et al.",2024,38801906,transporter_kinetics.csv,
OAT4,,PFOSA,Km,,,,,"Ryu S, Yamaguchi E, Sadegh Modaresi SM, et al.",2024,38801906,transporter_kinetics.csv,
OCT2,,PFOSA,Km,,,,,"Ryu S, Yamaguchi E, Sadegh Modaresi SM, et al.",2024,38801906,transporter_kinetics.csv,
OAT1,,6:2 FTS,Km,,,,,"Ryu S, Yamaguchi E, Sadegh Modaresi SM, et al.",2024,38801906,transporter_kinetics.csv,
OAT1,,PFHxA,Km,,,,,"Ryu S, Yamaguchi E, Sadegh Modaresi SM, et al.",2024,38801906,transporter_kinetics.csv,
OAT3,,"PFPeA, PFHxA, PFHpA, PFOA, PFNA, PFBS, PFHxS, 6:2 FTS",Km,,,,,"Ryu S, Yamaguchi E, Sadegh Modaresi SM, et al.",2024,38801906,transporter_kinetics.csv,
OAT4,,"PFOA, PFNA, PFBS, PFHxS, 6:2 FTS",Km,,,,,"Ryu S, Yamaguchi E, Sadegh Modaresi SM, et al.",2024,38801906,transporter_kinetics.csv,
OAT3,,PFBA,Km,,,,,"Ryu S, Yamaguchi E, Sadegh Modaresi SM, et al.",2024,38801906,transporter_kinetics.csv,
OAT3,,"PFBA, PFDA, PFOS",Km,,,,,"Ryu S, Yamaguchi E, Sadegh Modaresi SM, et al.",2024,38801906,transporter_kinetics.csv,
OAT1,,"PFHpA, PFOA, PFBS, PFPeA",Km,,,,,"Ryu S, Yamaguchi E, Sadegh Modaresi SM, et al.",2024,38801906,transporter_kinetics.csv,
OAT4,,"PFHxA, PFHpA, PFOS",Km,,,,,"Ryu S, Yamaguchi E, Sadegh Modaresi SM, et al.",2024,38801906,transporter_kinetics.csv,
OCT2,,"PFDoDA, PFOSA",Km,,,,,"Ryu S, Yamaguchi E, Sadegh Modaresi SM, et al.",2024,38801906,transporter_kinetics.csv,
OAT1,,"PFNA, PFDA, PFUnDA, PFDoDA, PFHxS, PFOS, PFOSA",Km,,,,,"Ryu S, Yamaguchi E, Sadegh Modaresi SM, et al.",2024,38801906,transporter_kinetics.csv,
OAT3,,"PFUnDA, PFDoDA, PFOSA",Km,,,,,"Ryu S, Yamaguchi E, Sadegh Modaresi SM, et al.",2024,38801906,transporter_kinetics.csv,
OAT2,,all 14 PFAS,Km,,,,,"Ryu S, Yamaguchi E, Sadegh Modaresi SM, et al.",2024,38801906,transporter_kinetics.csv,
OAT1,,"PFOA, PFOS, HFPO-TA, F53B (6:2 Cl-PFESA)",Km,,,,,"Niu S, Ma Y, Tewari A, Ng C",2026,42775203,transporter_kinetics.csv,
OAT1,,HFPO-DA (GenX),Km,,,,,"Niu S, Ma Y, Tewari A, Ng C",2026,42775203,transporter_kinetics.csv,
P-gp,,PFOA,Km,,,,,"Niu S, Ma Y, Tewari A, Ng C",2026,42775203,transporter_kinetics.csv,
P-gp,,HFPO-TA,Km,,,,,"Niu S, Ma Y, Tewari A, Ng C",2026,42775203,transporter_kinetics.csv,
P-gp,,PFOS,Km,,,,,"Niu S, Ma Y, Tewari A, Ng C",2026,42775203,transporter_kinetics.csv,
BCRP,,HFPO-TA,Km,,,,,"Niu S, Ma Y, Tewari A, Ng C",2026,42775203,transporter_kinetics.csv,
BCRP,,PFOA,Km,,,,,"Niu S, Ma Y, Tewari A, Ng C",2026,42775203,transporter_kinetics.csv,
BCRP,,PFOS,Km,,,,,"Niu S, Ma Y, Tewari A, Ng C",2026,42775203,transporter_kinetics.csv,
OATPs (isoform not identified; OATP2B1 proposed),,PFOA,Km,,,,,"Kimura O, Fujii Y, Haraguchi K, Kato Y, Ohta C, Koga N, Endo T",2017,28552774,transporter_kinetics.csv,
OATPs (OATP2B1 proposed as predominant isoform in Caco-2),,PFOA,Km,,,,,"Kimura O, Fujii Y, Haraguchi K, Kato Y, Ohta C, Koga N, Endo T",2020,32964147,transporter_kinetics.csv,
OATPs (OATP2B1 proposed as predominant isoform in Caco-2),,PFNA,Km,,,,,"Kimura O, Fujii Y, Haraguchi K, Kato Y, Ohta C, Koga N, Endo T",2020,32964147,transporter_kinetics.csv,
OATPs (OATP2B1 proposed as predominant isoform in Caco-2),,PFDA,Km,,,,,"Kimura O, Fujii Y, Haraguchi K, Kato Y, Ohta C, Koga N, Endo T",2020,32964147,transporter_kinetics.csv,
OATPs (Caco-2),,"PFHpA, PFOA, PFNA, PFDA, PFUnDA (C7-C11)",Km,,,,,"Kimura O, Fujii Y, Haraguchi K, Kato Y, Ohta C, Koga N, Endo T",2020,32964147,transporter_kinetics.csv,
OATPs (Caco-2),,PFOS,Km,,,,,"Kimura O, Fujii Y, Haraguchi K, Kato Y, Ohta C, Koga N, Endo T",2020,32964147,transporter_kinetics.csv,
"hepatic uptake transporter(s), OATP-like (not identified)",,PFOA,Km,,,,,"Han X, Yang CH, Snajdr SI, Nabb DL, Mingoia RT",2008,18662756,transporter_kinetics.csv,
"hepatic uptake transporter(s), OATP-like (not identified)",,PFOA,Km,,,,,"Han X, Yang CH, Snajdr SI, Nabb DL, Mingoia RT",2008,18662756,transporter_kinetics.csv,
oatp1 (Oatp1a1) and OAT-K renal mRNA,,PFOA,Km,,,,,"Kudo N, Katakura M, Sato Y, Kawashima Y",2002,11879818,transporter_kinetics.csv,
OAT2 renal mRNA,,PFOA,Km,,,,,"Kudo N, Katakura M, Sato Y, Kawashima Y",2002,11879818,transporter_kinetics.csv,
OAT3 renal mRNA,,PFOA,Km,,,,,"Kudo N, Katakura M, Sato Y, Kawashima Y",2002,11879818,transporter_kinetics.csv,
Oat3 and Oatp1 (Oatp1a1),,PFOA,Km,,,,,"Katakura M, Kudo N, Tsuda T, Hibino Y, Mitsumoto A, Kawashima Y",2007,not indexed in PubMed,transporter_kinetics.csv,
Mrp2,,PFOA,Km,,,,,"OEHHA (2021, 2024) PHG Appendix 6 Table A6.3 citing Katakura 2007",2007,not indexed in PubMed,transporter_kinetics.csv,
Npt2 (NaPi-IIa),,PFOA,Km,,,,,"OEHHA (2021, 2024) PHG Appendix 6 Table A6.3 citing Katakura 2007",2007,not indexed in PubMed,transporter_kinetics.csv,
OAT4,,PFOA and PFOS,Km,,,,,"Kummu M, Sieppi E, Koponen J, Laatio L, Vahakangas K, Kiviranta H, Rautio A, Myllynen P",2015,26303760,transporter_kinetics.csv,
"Oat1 + Oat3 (basolateral, lumped)",,PFOA,Km,,,,,"Worley RR, Fisher J",2015,26522833,transporter_kinetics.csv,
Oatp1a1 (apical),,PFOA,Km,,,,,"Worley RR, Fisher J",2015,26522833,transporter_kinetics.csv,
composite proximal tubule transport (OAT/efflux not individually resolved),,"PFOS, PFHxA, PFBS",Km,,,,,"Lin HC, Sakolish C, Moyer HL, Carmichael PL, Baltazar MT, Ferguson SS, Stanko JP, Hewitt P, Rusyn I, Chiu WA",2024,38917890,transporter_kinetics.csv,
composite RPTEC proximal-tubule transport (OAT1-overexpressing and parental cells),,PFPeA,Km,,,,,"Sakolish C, Lin HC, Moyer HL, et al.",2026,41224188,transporter_kinetics.csv,
composite RPTEC proximal-tubule transport (OAT1-overexpressing and parental cells),,PFBA,Km,,,,,"Sakolish C, Lin HC, Moyer HL, et al.",2026,41224188,transporter_kinetics.csv,
composite RPTEC proximal-tubule transport (OAT1-overexpressing and parental cells),,4H-PFBA,Km,,,,,"Sakolish C, Lin HC, Moyer HL, et al.",2026,41224188,transporter_kinetics.csv,
composite RPTEC proximal-tubule transport (OAT1-overexpressing and parental cells),,3:3 FTCA,Km,,,,,"Sakolish C, Lin HC, Moyer HL, et al.",2026,41224188,transporter_kinetics.csv,
composite RPTEC proximal-tubule transport (OAT1-overexpressing and parental cells),,PFBS,Km,,,,,"Sakolish C, Lin HC, Moyer HL, et al.",2026,41224188,transporter_kinetics.csv,
composite RPTEC proximal-tubule transport (OAT1-overexpressing and parental cells),,PFMBA,Km,,,,,"Sakolish C, Lin HC, Moyer HL, et al.",2026,41224188,transporter_kinetics.csv,
composite RPTEC proximal-tubule transport (OAT1-overexpressing and parental cells),,PFHxA,Km,,,,,"Sakolish C, Lin HC, Moyer HL, et al.",2026,41224188,transporter_kinetics.csv,
composite RPTEC proximal-tubule transport (OAT1-overexpressing and parental cells),,4:2 FTS,Km,,,,,"Sakolish C, Lin HC, Moyer HL, et al.",2026,41224188,transporter_kinetics.csv,
composite RPTEC proximal-tubule transport (OAT1-overexpressing and parental cells),,6:2 FTS,Km,,,,,"Sakolish C, Lin HC, Moyer HL, et al.",2026,41224188,transporter_kinetics.csv,
composite RPTEC proximal-tubule transport (OAT1-overexpressing and parental cells),,5:3 FTCA,Km,,,,,"Sakolish C, Lin HC, Moyer HL, et al.",2026,41224188,transporter_kinetics.csv,
composite RPTEC proximal-tubule transport (OAT1-overexpressing and parental cells),,NFDHA,Km,,,,,"Sakolish C, Lin HC, Moyer HL, et al.",2026,41224188,transporter_kinetics.csv,
composite RPTEC proximal-tubule transport (OAT1-overexpressing and parental cells),,PFOA,Km,,,,,"Sakolish C, Lin HC, Moyer HL, et al.",2026,41224188,transporter_kinetics.csv,
composite RPTEC proximal-tubule transport (OAT1-overexpressing and parental cells),,PFOA-K,Km,,,,,"Sakolish C, Lin HC, Moyer HL, et al.",2026,41224188,transporter_kinetics.csv,
composite RPTEC proximal-tubule transport (OAT1-overexpressing and parental cells),,9H-PFNA,Km,,,,,"Sakolish C, Lin HC, Moyer HL, et al.",2026,41224188,transporter_kinetics.csv,
composite RPTEC proximal-tubule transport (OAT1-overexpressing and parental cells),,PFPE-1,Km,,,,,"Sakolish C, Lin HC, Moyer HL, et al.",2026,41224188,transporter_kinetics.csv,
composite RPTEC proximal-tubule transport (OAT1-overexpressing and parental cells),,PFEESA,Km,,,,,"Sakolish C, Lin HC, Moyer HL, et al.",2026,41224188,transporter_kinetics.csv,
composite RPTEC proximal-tubule transport (OAT1-overexpressing and parental cells),,PFHpA,Km,,,,,"Sakolish C, Lin HC, Moyer HL, et al.",2026,41224188,transporter_kinetics.csv,
composite RPTEC proximal-tubule transport (OAT1-overexpressing and parental cells),,PFHxS-K,Km,,,,,"Sakolish C, Lin HC, Moyer HL, et al.",2026,41224188,transporter_kinetics.csv,
composite RPTEC proximal-tubule transport (OAT1-overexpressing and parental cells),,PFHxS,Km,,,,,"Sakolish C, Lin HC, Moyer HL, et al.",2026,41224188,transporter_kinetics.csv,
composite RPTEC proximal-tubule transport (OAT1-overexpressing and parental cells),,PFNA,Km,,,,,"Sakolish C, Lin HC, Moyer HL, et al.",2026,41224188,transporter_kinetics.csv,
composite RPTEC proximal-tubule transport (OAT1-overexpressing and parental cells),,NH4PFOA,Km,,,,,"Sakolish C, Lin HC, Moyer HL, et al.",2026,41224188,transporter_kinetics.csv,
composite RPTEC proximal-tubule transport (OAT1-overexpressing and parental cells),,8:2 FTS,Km,,,,,"Sakolish C, Lin HC, Moyer HL, et al.",2026,41224188,transporter_kinetics.csv,
composite RPTEC proximal-tubule transport (OAT1-overexpressing and parental cells),,PFPE-5,Km,,,,,"Sakolish C, Lin HC, Moyer HL, et al.",2026,41224188,transporter_kinetics.csv,
composite RPTEC proximal-tubule transport (OAT1-overexpressing and parental cells),,PFOS,Km,,,,,"Sakolish C, Lin HC, Moyer HL, et al.",2026,41224188,transporter_kinetics.csv,
composite RPTEC proximal-tubule transport (OAT1-overexpressing and parental cells),,PFOS-K,Km,,,,,"Sakolish C, Lin HC, Moyer HL, et al.",2026,41224188,transporter_kinetics.csv,
composite RPTEC proximal-tubule transport (OAT1-overexpressing and parental cells),,PFHpS,Km,,,,,"Sakolish C, Lin HC, Moyer HL, et al.",2026,41224188,transporter_kinetics.csv,
composite RPTEC proximal-tubule transport (OAT1-overexpressing and parental cells),,PFDA,Km,,,,,"Sakolish C, Lin HC, Moyer HL, et al.",2026,41224188,transporter_kinetics.csv,
composite RPTEC proximal-tubule transport (OAT1-overexpressing and parental cells),,PFUnDA,Km,,,,,"Sakolish C, Lin HC, Moyer HL, et al.",2026,41224188,transporter_kinetics.csv,
none (passive membrane permeation),,"6 PFCAs, 3 PFSAs and 4 fluorinated alternatives",Km,,,,,"Ebert A, Allendorf F, Berger U, Goss KU, Ulrich N",2020,32212724,transporter_kinetics.csv,
"carboxylesterase CES1 (enzyme, NOT a transporter)",,PFDoA,Km,,,,,"Liu YZ, Pan LH, Bai Y, Yang K, Dong PP, Fang ZZ",2020,32283456,transporter_kinetics.csv,
"carboxylesterase CES1 (enzyme, NOT a transporter)",,PFTA,Km,,,,,"Liu YZ, Pan LH, Bai Y, Yang K, Dong PP, Fang ZZ",2020,32283456,transporter_kinetics.csv,
"carboxylesterase CES1 (enzyme, NOT a transporter)",,PFOcDA,Km,,,,,"Liu YZ, Pan LH, Bai Y, Yang K, Dong PP, Fang ZZ",2020,32283456,transporter_kinetics.csv,
"carboxylesterase CES2 (enzyme, NOT a transporter)",,PFDoA,Km,,,,,"Liu YZ, Pan LH, Bai Y, Yang K, Dong PP, Fang ZZ",2020,32283456,transporter_kinetics.csv,
"carboxylesterase CES2 (enzyme, NOT a transporter)",,PFTA,Km,,,,,"Liu YZ, Pan LH, Bai Y, Yang K, Dong PP, Fang ZZ",2020,32283456,transporter_kinetics.csv,
"carboxylesterase CES2 (enzyme, NOT a transporter)",,PFOcDA,Km,,,,,"Liu YZ, Pan LH, Bai Y, Yang K, Dong PP, Fang ZZ",2020,32283456,transporter_kinetics.csv,
"Oatp1a1, Oatp3a1, Oatp4c1 (kidney); Oatp1a1, 1a4, 1a6, 1b2, 2b1 (liver)",,n/a (constitutive mRNA expression),Km,,,,,"Cheng X, Maher J, Chen C, Klaassen CD",2005,15843488,transporter_kinetics.csv,
"Oatp1a1, Oatp1a4, Oatp3a1",,n/a (hormone manipulation),Km,,,,,"Cheng X, Maher J, Lu H, Klaassen CD",2006,16807376,transporter_kinetics.csv,
"Oat1, Oat2, Oat3",,n/a (constitutive mRNA expression),Km,,,,,"Buist SCN, Klaassen CD",2004,15155553,transporter_kinetics.csv,
"Oat1, Oat2, Oat3",,n/a,Km,,,,,"Buist SCN, Cherrington NJ, Choudhuri S, Hartley DP, Klaassen CD",2002,11907168,transporter_kinetics.csv,
"Oat1, Oat2, Oat3",,n/a,Km,,,,,"Buist SCN, Cherrington NJ, Klaassen CD",2003,12695343,transporter_kinetics.csv,
Oat1,rat,PFHpA,Km,50.5,uM,,,Han et al.,2012,21985250 / 10.1021/tx200363w,primary_2026/han2012_table6_transporter_km.csv,
Oat1,rat,PFOA,Km,51,uM,,,Han et al.,2012,21985250 / 10.1021/tx200363w,primary_2026/han2012_table6_transporter_km.csv,alternative value 43.2 (Weaver 2010)
Oat3,rat,PFOA,Km,80.2,uM,,,Han et al.,2012,21985250 / 10.1021/tx200363w,primary_2026/han2012_table6_transporter_km.csv,alternative value 65.7
Oat3,rat,PFNA,Km,174.5,uM,,,Han et al.,2012,21985250 / 10.1021/tx200363w,primary_2026/han2012_table6_transporter_km.csv,
Oatp1a1,rat,PFOA,Km,162.2,uM,,,Han et al.,2012,21985250 / 10.1021/tx200363w,primary_2026/han2012_table6_transporter_km.csv,alternative value 126.4
Oatp1a1,rat,PFNA,Km,20.5,uM,,,Han et al.,2012,21985250 / 10.1021/tx200363w,primary_2026/han2012_table6_transporter_km.csv,
Oatp1a1,rat,PFDA,Km,28.5,uM,,,Han et al.,2012,21985250 / 10.1021/tx200363w,primary_2026/han2012_table6_transporter_km.csv,
OAT1,human,PFOA,Km,48,uM,,,Han et al.,2012,21985250 / 10.1021/tx200363w,primary_2026/han2012_table6_transporter_km.csv,
OAT3,human,PFOA,Km,49.1,uM,,,Han et al.,2012,21985250 / 10.1021/tx200363w,primary_2026/han2012_table6_transporter_km.csv,
OAT4,human,PFOA,Km,172.3,uM,,,Han et al.,2012,21985250 / 10.1021/tx200363w,primary_2026/han2012_table6_transporter_km.csv,pH 6; Yang 2010
OAT4,human,PFOA,Km,310.3,uM,,,Han et al.,2012,21985250 / 10.1021/tx200363w,primary_2026/han2012_table6_transporter_km.csv,pH 7.4; Yang 2010 - Km is pH dependent
OAT4,human,PFOA,Km,64.1,uM,,,Han et al.,2012,21985250 / 10.1021/tx200363w,primary_2026/han2012_table6_transporter_km.csv,third value listed in Han Table 6 row for OAT4/URAT1
OATP1A2,human,PFOA,Km,no saturable uptake,uM,apical / reabsorptive,standard buffer,Yang et al.,2010,20639259 / 10.1093/toxsci/kfq219,primary_2026/yang2010_human_apical_transporters.csv,closest human orthologue of rat Oatp1a1; did NOT mediate saturable PFOA uptake
OAT4,human,PFOA,Km,172.3,uM,apical / reabsorptive,pH 6.0,Yang et al.,2010,20639259 / 10.1093/toxsci/kfq219,primary_2026/yang2010_human_apical_transporters.csv,uptake stimulated by low extracellular pH
OAT4,human,PFOA,Km,310.3,uM,apical / reabsorptive,pH 7.4,Yang et al.,2010,20639259 / 10.1093/toxsci/kfq219,primary_2026/yang2010_human_apical_transporters.csv,physiological pH gives the weaker affinity
URAT1,human,PFOA,Km,64.1,uM,apical / reabsorptive,absence of extracellular chloride,Yang et al.,2010,20639259 / 10.1093/toxsci/kfq219,primary_2026/yang2010_human_apical_transporters.csv,"uptake greatly enhanced by an outward Cl- gradient; the Km requires zero extracellular Cl-, a non-physiological condition"
OAT1,human,PFHpA,Km,159,uM,basolateral / secretory,Vmax 3.4 nmol/min/mg; efficiency 21 uL/min/mg,Louisse et al.,2024,10.1016/j.tox.2024.153961,primary_2026/louisse2024_human_oat_km.csv,SE 98
OAT1,human,PFOA,Km,185,uM,basolateral / secretory,Vmax 3.5 nmol/min/mg; efficiency 19 uL/min/mg,Louisse et al.,2024,10.1016/j.tox.2024.153961,primary_2026/louisse2024_human_oat_km.csv,SE 97
OAT1,human,PFNA,Km,no transport observed,uM,basolateral / secretory,,Louisse et al.,2024,10.1016/j.tox.2024.153961,primary_2026/louisse2024_human_oat_km.csv,Louisse 2024 Table 1
OAT1,human,PFBS,Km,no transport observed,uM,basolateral / secretory,,Louisse et al.,2024,10.1016/j.tox.2024.153961,primary_2026/louisse2024_human_oat_km.csv,Louisse 2024 Table 1
OAT1,human,PFHxS,Km,no transport observed,uM,basolateral / secretory,,Louisse et al.,2024,10.1016/j.tox.2024.153961,primary_2026/louisse2024_human_oat_km.csv,Louisse 2024 Table 1
OAT3,human,PFHpA,Km,367,uM,basolateral / secretory,Vmax 3.2 nmol/min/mg; efficiency 9 uL/min/mg,Louisse et al.,2024,10.1016/j.tox.2024.153961,primary_2026/louisse2024_human_oat_km.csv,SE 199
OAT3,human,PFOA,Km,90,uM,basolateral / secretory,Vmax 1.5 nmol/min/mg; efficiency 17 uL/min/mg,Louisse et al.,2024,10.1016/j.tox.2024.153961,primary_2026/louisse2024_human_oat_km.csv,SE 63
OAT3,human,PFNA,Km,42,uM,basolateral / secretory,Vmax 1.0 nmol/min/mg; efficiency 24 uL/min/mg,Louisse et al.,2024,10.1016/j.tox.2024.153961,primary_2026/louisse2024_human_oat_km.csv,SE 38
OAT3,human,PFHxS,Km,778,uM,basolateral / secretory,Vmax 5.8 nmol/min/mg; efficiency 8 uL/min/mg,Louisse et al.,2024,10.1016/j.tox.2024.153961,primary_2026/louisse2024_human_oat_km.csv,SE 8
OAT3,human,PFBS,Km,no transport observed,uM,basolateral / secretory,,Louisse et al.,2024,10.1016/j.tox.2024.153961,primary_2026/louisse2024_human_oat_km.csv,Louisse 2024 Table 1
OAT4,human,PFHpA,Km,60,uM,apical / reabsorptive,Vmax 4.5 nmol/min/mg; efficiency 75 uL/min/mg,Louisse et al.,2024,10.1016/j.tox.2024.153961,primary_2026/louisse2024_human_oat_km.csv,SE 15
OAT4,human,PFOA,Km,47,uM,apical / reabsorptive,Vmax 4.5 nmol/min/mg; efficiency 96 uL/min/mg,Louisse et al.,2024,10.1016/j.tox.2024.153961,primary_2026/louisse2024_human_oat_km.csv,SE 15
OAT4,human,PFNA,Km,58,uM,apical / reabsorptive,Vmax 8.5 nmol/min/mg; efficiency 147 uL/min/mg,Louisse et al.,2024,10.1016/j.tox.2024.153961,primary_2026/louisse2024_human_oat_km.csv,SE 15
OAT4,human,PFHxS,Km,92,uM,apical / reabsorptive,Vmax 7.3 nmol/min/mg; efficiency 79 uL/min/mg,Louisse et al.,2024,10.1016/j.tox.2024.153961,primary_2026/louisse2024_human_oat_km.csv,SE 15
OAT2,human,any,Km,no transport observed,uM,basolateral / secretory,,Louisse et al.,2024,10.1016/j.tox.2024.153961,primary_2026/louisse2024_human_oat_km.csv,Louisse 2024 abstract
Oatp1a1,mouse (C57BL/6),(endogenous organic anions),"mRNA sex predominance, kidney",male,direction only,apical / reabsorptive,androgen-dependent: yes,Cheng et al.,2005,15843488 / 10.1124/dmd.105.003640,primary_2026/cheng2005_mouse_oatp_sex.csv,"apical, proximal tubule, reabsorbs organic anions from the lumen; fold not quantified in the text (Fig. 1 only)"
Oatp1a1,mouse (C57BL/6),(endogenous organic anions),"mRNA sex predominance, liver",male,direction only,apical / reabsorptive,androgen-dependent: yes,Cheng et al.,2005,15843488 / 10.1124/dmd.105.003640,primary_2026/cheng2005_mouse_oatp_sex.csv,
Oatp3a1,mouse (C57BL/6),(endogenous organic anions),"mRNA sex predominance, kidney",3.3,fold,,,Cheng et al.,2005,15843488 / 10.1124/dmd.105.003640,primary_2026/cheng2005_mouse_oatp_sex.csv,the only renal fold value stated numerically
Oatp4c1,mouse (C57BL/6),(endogenous organic anions),"mRNA sex predominance, kidney",male,direction only,,,Cheng et al.,2005,15843488 / 10.1124/dmd.105.003640,primary_2026/cheng2005_mouse_oatp_sex.csv,direction only
Oatp1a6,mouse (C57BL/6),(endogenous organic anions),"mRNA sex predominance, kidney",,direction only,,,Cheng et al.,2005,15843488 / 10.1124/dmd.105.003640,primary_2026/cheng2005_mouse_oatp_sex.csv,"almost exclusively renal; liver shows a female-predominant difference, kidney not stated"
Oatp1a4,mouse (C57BL/6),(endogenous organic anions),"mRNA sex predominance, liver",female,direction only,,,Cheng et al.,2005,15843488 / 10.1124/dmd.105.003640,primary_2026/cheng2005_mouse_oatp_sex.csv,no kidney sex difference
Oatp1a6,mouse (C57BL/6),(endogenous organic anions),"mRNA sex predominance, liver",female,direction only,,,Cheng et al.,2005,15843488 / 10.1124/dmd.105.003640,primary_2026/cheng2005_mouse_oatp_sex.csv,
oatp1 (Oatp1a1),rat,PFOA,"renal mRNA, male/female fold",23.0,fold,apical / reabsorptive,,Kudo et al.,2002,11879818 / 10.1016/s0009-2797(02)00006-6,primary_2026/kudo2002_transporter_mrna.csv,"transports PFOA: YES - Weaver 2010 Fig 5, C8-C10; castration and estradiol reduce it in males; testosterone raises it in females and castrated males"
oatp2,rat,PFOA,"renal mRNA, male/female fold",1.0,fold,-,,Kudo et al.,2002,11879818 / 10.1016/s0009-2797(02)00006-6,primary_2026/kudo2002_transporter_mrna.csv,transports PFOA: no; no difference across all eight groups
OAT-K,rat,PFOA,"renal mRNA, male/female fold",2.5,fold,apical,,Kudo et al.,2002,11879818 / 10.1016/s0009-2797(02)00006-6,primary_2026/kudo2002_transporter_mrna.csv,transports PFOA: not tested; castration and estradiol reduce it in males; unchanged in females
OAT2,rat,PFOA,"renal mRNA, female/male fold",7.5,fold,basolateral / secretory,,Kudo et al.,2002,11879818 / 10.1016/s0009-2797(02)00006-6,primary_2026/kudo2002_transporter_mrna.csv,"transports PFOA: NO - Weaver 2010 Fig 9A, no net uptake of C7-C10; castration and estradiol raise it in males; testosterone lowers it; unchanged in females"
(lumped renal reabsorption),male rat,PFOA,PBPK transport maximum Tmc,0.516,mg/h/kg,reabsorptive,fitted to plasma curves,Han et al.,2012,21985250 / 10.1021/tx200363w,primary_2026/han2012_table7_pbpk_tm_kt.csv,
(lumped renal reabsorption),male rat,PFOA,PBPK transport affinity KT,0.209,mg/L,reabsorptive,fitted to plasma curves,Han et al.,2012,21985250 / 10.1021/tx200363w,primary_2026/han2012_table7_pbpk_tm_kt.csv,
(lumped renal reabsorption),male rat,PFOA,PBPK transport maximum Tmc,270,mg/h/kg,reabsorptive,fitted to plasma curves,Han et al.,2012,21985250 / 10.1021/tx200363w,primary_2026/han2012_table7_pbpk_tm_kt.csv,mg/h/kg^0.75 derived from in vitro measurement
(lumped renal reabsorption),male rat,PFOA,PBPK transport affinity KT,67,mg/L,reabsorptive,fitted to plasma curves,Han et al.,2012,21985250 / 10.1021/tx200363w,primary_2026/han2012_table7_pbpk_tm_kt.csv,mg/h/kg^0.75 derived from in vitro measurement
(lumped renal reabsorption),female rat,PFOA,PBPK transport maximum Tmc,0.00935,mg/h/kg,reabsorptive,fitted to plasma curves,Han et al.,2012,21985250 / 10.1021/tx200363w,primary_2026/han2012_table7_pbpk_tm_kt.csv,
(lumped renal reabsorption),female rat,PFOA,PBPK transport affinity KT,0.05,mg/L,reabsorptive,fitted to plasma curves,Han et al.,2012,21985250 / 10.1021/tx200363w,primary_2026/han2012_table7_pbpk_tm_kt.csv,
(lumped renal reabsorption),female rat,PFOA,PBPK transport maximum Tmc,3,mg/h/kg,reabsorptive,fitted to plasma curves,Han et al.,2012,21985250 / 10.1021/tx200363w,primary_2026/han2012_table7_pbpk_tm_kt.csv,mg/h/kg^0.75 derived from in vitro measurement
(lumped renal reabsorption),female rat,PFOA,PBPK transport affinity KT,67,mg/L,reabsorptive,fitted to plasma curves,Han et al.,2012,21985250 / 10.1021/tx200363w,primary_2026/han2012_table7_pbpk_tm_kt.csv,mg/h/kg^0.75 derived from in vitro measurement
(lumped renal reabsorption),mouse,PFOA,PBPK transport maximum Tmc,860.9,mg/h/kg,reabsorptive,fitted to plasma curves,Han et al.,2012,21985250 / 10.1021/tx200363w,primary_2026/han2012_table7_pbpk_tm_kt.csv,= Lou 2009 Table 4; both SEs exceed the estimates
(lumped renal reabsorption),mouse,PFOA,PBPK transport affinity KT,0.0015,mg/L,reabsorptive,fitted to plasma curves,Han et al.,2012,21985250 / 10.1021/tx200363w,primary_2026/han2012_table7_pbpk_tm_kt.csv,= Lou 2009 Table 4; both SEs exceed the estimates
(lumped renal reabsorption),monkey,PFOA,PBPK transport maximum Tmc,5,mg/h/kg,reabsorptive,fitted to plasma curves,Han et al.,2012,21985250 / 10.1021/tx200363w,primary_2026/han2012_table7_pbpk_tm_kt.csv,
(lumped renal reabsorption),monkey,PFOA,PBPK transport affinity KT,0.055,mg/L,reabsorptive,fitted to plasma curves,Han et al.,2012,21985250 / 10.1021/tx200363w,primary_2026/han2012_table7_pbpk_tm_kt.csv,
(lumped renal reabsorption),monkey,PFOA,PBPK transport maximum Tmc,0.15,mg/h/kg,reabsorptive,fitted to plasma curves,Han et al.,2012,21985250 / 10.1021/tx200363w,primary_2026/han2012_table7_pbpk_tm_kt.csv,
(lumped renal reabsorption),monkey,PFOA,PBPK transport affinity KT,0.055,mg/L,reabsorptive,fitted to plasma curves,Han et al.,2012,21985250 / 10.1021/tx200363w,primary_2026/han2012_table7_pbpk_tm_kt.csv,
(lumped renal reabsorption),human,PFOA,PBPK transport maximum Tmc,6,mg/h/kg,reabsorptive,fitted to plasma curves,Han et al.,2012,21985250 / 10.1021/tx200363w,primary_2026/han2012_table7_pbpk_tm_kt.csv,mg/h/kg^0.75
(lumped renal reabsorption),human,PFOA,PBPK transport affinity KT,0.055,mg/L,reabsorptive,fitted to plasma curves,Han et al.,2012,21985250 / 10.1021/tx200363w,primary_2026/han2012_table7_pbpk_tm_kt.csv,mg/h/kg^0.75
