study,year,pmid,doi,chemical,halflife_y,ci_low,ci_high,statistic,n,population,setting,exposure_ceased,model,followup_y,background_adjusted,isomers_separated,verified
Olsen 2007,2007,17805419,10.1289/ehp.10009,PFOS,5.4,3.9,6.9,arithmetic mean,26,retired fluorochemical workers,occupational,yes,first-order log-linear per individual,5,no,no,abstract
Olsen 2007,2007,17805419,10.1289/ehp.10009,PFOS,4.8,4.0,5.8,geometric mean,26,retired fluorochemical workers,occupational,yes,first-order log-linear per individual,5,no,no,abstract
Olsen 2007,2007,17805419,10.1289/ehp.10009,PFHxS,8.5,6.4,10.6,arithmetic mean,26,retired fluorochemical workers,occupational,yes,first-order log-linear per individual,5,no,no,abstract
Olsen 2007,2007,17805419,10.1289/ehp.10009,PFHxS,7.3,5.8,9.2,geometric mean,26,retired fluorochemical workers,occupational,yes,first-order log-linear per individual,5,no,no,abstract
Olsen 2007,2007,17805419,10.1289/ehp.10009,PFOA,3.8,3.1,4.4,arithmetic mean,26,retired fluorochemical workers,occupational,yes,first-order log-linear per individual,5,no,no,abstract
Olsen 2007,2007,17805419,10.1289/ehp.10009,PFOA,3.5,3.0,4.1,geometric mean,26,retired fluorochemical workers,occupational,yes,first-order log-linear per individual,5,no,no,abstract
Bartell 2010,2010,20123620,10.1289/ehp.0901252,PFOA,2.3,,,median,200,Mid-Ohio Valley residents after GAC filtration,community water,yes,first-order,1.2,no,no,abstract
Seals 2011 high-exposure district,2011,20870569,10.1289/ehp.1002346,PFOA,2.9,,,regression estimate,1573,former residents Mid-Ohio Valley,community water,yes (moved away),cross-sectional two-segment spline on years since residence,,yes (5 ng/mL subtracted; truncated at 15 ng/mL),no,full text
Seals 2011 low-exposure district,2011,20870569,10.1289/ehp.1002346,PFOA,8.5,,,regression estimate,1573,former residents Mid-Ohio Valley,community water,yes (moved away),cross-sectional two-segment spline on years since residence,,yes (5 ng/mL subtracted; truncated at 15 ng/mL),no,full text
Zhang 2013 (as cited by ARA 2022),2013,,,PFOA,1.3,,,geometric mean,86,general population paired serum/urine,general population,no (background only),renal clearance and mass balance,,yes,no,secondary
Worley 2017,2017,28645013,10.1016/j.envint.2017.06.007,PFOA,3.9,,,estimate,45,Decatur Alabama residents,community,yes,one-compartment PK,6,no,no,abstract
Worley 2017,2017,28645013,10.1016/j.envint.2017.06.007,PFOS,3.3,,,estimate,45,Decatur Alabama residents,community,yes,one-compartment PK,6,no,no,abstract
Worley 2017,2017,28645013,10.1016/j.envint.2017.06.007,PFHxS,15.5,,,estimate,45,Decatur Alabama residents,community,yes,one-compartment PK,6,no,no,abstract
Li 2018 Ronneby,2018,29133598,10.1136/oemed-2017-104651,PFHxS,5.3,4.6,6.0,mean,106,Ronneby Sweden after clean water,community water,yes,first-order; repeated samples,2.5,not needed (levels far above background),no,full text
Li 2018 Ronneby,2018,29133598,10.1136/oemed-2017-104651,PFOS,3.4,3.1,3.7,mean,106,Ronneby Sweden after clean water,community water,yes,first-order; repeated samples,2.5,not needed (levels far above background),no,full text
Li 2018 Ronneby,2018,29133598,10.1136/oemed-2017-104651,PFOA,2.7,2.5,2.9,mean,106,Ronneby Sweden after clean water,community water,yes,first-order; repeated samples,2.5,not needed (levels far above background),no,full text
Li 2022 Ronneby extended,2022,35447437,10.1016/j.envint.2022.107198,multiple,,,,mean,114,Ronneby Sweden 10 samples over 4 years,community water,yes,linear mixed models,4,no,yes,abstract
Chiu 2022,2022,,10.1289/EHP10103,PFOA,3.14,2.69,3.73,population GM (posterior median),many sites pooled,US communities,community water,mixed,Bayesian hierarchical one-compartment,varies,yes (NHANES prior),no,full text
Chiu 2022,2022,,10.1289/EHP10103,PFOS,3.36,2.52,4.42,population GM (posterior median),many sites pooled,US communities,community water,mixed,Bayesian hierarchical one-compartment,varies,yes (NHANES prior),no,full text
Chiu 2022,2022,,10.1289/EHP10103,PFNA,2.35,1.65,3.16,population GM (posterior median),many sites pooled,US communities,community water,mixed,Bayesian hierarchical one-compartment,varies,yes (NHANES prior),no,full text
Chiu 2022,2022,,10.1289/EHP10103,PFHxS,8.30,5.38,13.5,population GM (posterior median),many sites pooled,US communities,community water,mixed,Bayesian hierarchical one-compartment,varies,yes (NHANES prior),no,full text
Australian firefighters 2022,2022,36162311,10.1016/j.ijheh.2022.114040,PFOA,5.0,,,arithmetic mean of individual apparent,,firefighters after AFFF replacement,occupational,yes,individual apparent half-life,,no,no,abstract
Australian firefighters 2022,2022,36162311,10.1016/j.ijheh.2022.114040,PFHxS,7.8,,,arithmetic mean of individual apparent,,firefighters after AFFF replacement,occupational,yes,individual apparent half-life,,no,no,abstract
Australian firefighters 2022,2022,36162311,10.1016/j.ijheh.2022.114040,PFOS,6.5,,,arithmetic mean of individual apparent,,firefighters after AFFF replacement,occupational,yes,individual apparent half-life,,no,no,abstract
Aviation firefighters 2022,2022,36367310,10.1021/acs.est.2c04637,Cl-PFOS,5.0,,,average,,aviation firefighters after 3M-AFFF,occupational,yes,first-order,,no,yes,abstract
GenX Exposure Study 2023,2023,37801709,10.1021/acs.est.2c08241,PFO4DA,0.348,0.236,0.665,estimate,44,North Carolina community,community water,yes,first-order (two samples),0.5,no,no,abstract
GenX Exposure Study 2023,2023,37801709,10.1021/acs.est.2c08241,Nafion byproduct 2,0.811,0.482,2.53,estimate,44,North Carolina community,community water,yes,first-order (two samples),0.5,no,no,abstract
ARA collaboration 2022 (expert judgement),2022,35537634,10.1016/j.yrtph.2022.105185,PFOA,1.3,,,recommended central tendency,,expert review of existing studies,review,n/a,expert judgement over published estimates,,n/a,discussed,abstract
Dourson 2021 (proposed range),2021,34400261,10.1016/j.yrtph.2021.105025,PFOA,1.0,0.5,1.5,proposed range,,review of observational plus clinical data,review,n/a,expert judgement,,n/a,no,abstract
Meta-analysis 2023 range,2023,38008199,10.1016/j.envres.2023.117743,PFOA,,1.48,5.1,range of study means,13 studies,systematic review,review,yes (inclusion criterion),random-effects meta-analysis,,varies,varies,abstract
Meta-analysis 2023 range,2023,38008199,10.1016/j.envres.2023.117743,PFOS,,3.4,5.7,range of study means,13 studies,systematic review,review,yes (inclusion criterion),random-effects meta-analysis,,varies,varies,abstract
Meta-analysis 2023 range,2023,38008199,10.1016/j.envres.2023.117743,PFHxS,,2.84,8.5,range of study means,13 studies,systematic review,review,yes (inclusion criterion),random-effects meta-analysis,,varies,varies,abstract
Rosato 2024 meta-analysis (general populations),2024,38008199,10.1016/j.envres.2023.117743,PFOA,2.35,2.20,2.51,random-effects pooled mean (I2=43%),5 studies,exposed general populations,community,yes (inclusion criterion),random-effects meta-analysis,,varies,no,full text
Rosato 2024 meta-analysis (workers),2024,38008199,10.1016/j.envres.2023.117743,PFOA,2.92,1.66,4.19,random-effects pooled mean (I2=93%),8 studies,exposed workers,occupational,yes (inclusion criterion),random-effects meta-analysis,,varies,no,full text
Rosato 2024 meta-analysis,2024,38008199,10.1016/j.envres.2023.117743,PFOS total,4.77,3.26,6.29,random-effects pooled mean (I2=97%),several studies,mixed,mixed,yes (inclusion criterion),random-effects meta-analysis,,varies,no,full text
Rosato 2024 meta-analysis,2024,38008199,10.1016/j.envres.2023.117743,PFHxS,5.35,3.16,7.55,random-effects pooled mean (I2=93%),several studies,mixed,mixed,yes (inclusion criterion),random-effects meta-analysis,,varies,no,full text
Rosato 2024 meta-analysis,2024,38008199,10.1016/j.envres.2023.117743,L-PFOS,3.13,1.98,4.28,random-effects pooled mean,several studies,mixed,mixed,yes (inclusion criterion),random-effects meta-analysis,,varies,yes,full text
Rosato 2024 meta-analysis,2024,38008199,10.1016/j.envres.2023.117743,1m-PFOS,5.86,,,random-effects pooled mean,several studies,mixed,mixed,yes (inclusion criterion),random-effects meta-analysis,,varies,yes,full text
Rosato 2024 meta-analysis,2024,38008199,10.1016/j.envres.2023.117743,2/6m-PFOS,2.55,,,random-effects pooled mean,several studies,mixed,mixed,yes (inclusion criterion),random-effects meta-analysis,,varies,yes,full text
Rosato 2024 meta-analysis,2024,38008199,10.1016/j.envres.2023.117743,3/4/5m-PFOS,3.94,,,random-effects pooled mean,several studies,mixed,mixed,yes (inclusion criterion),random-effects meta-analysis,,varies,yes,full text
Li 2022 Ronneby (no background subtraction),2022,35447437,10.1016/j.envint.2022.107198,PFOA,2.99,2.79,3.21,mean,114,Ronneby Sweden,community water,yes,linear mixed models,4,no,yes,full text via Rosato table
Li 2022 Ronneby (background subtracted),2022,35447437,10.1016/j.envint.2022.107198,PFOA,2.47,2.27,2.70,mean,114,Ronneby Sweden,community water,yes,linear mixed models,4,yes,yes,full text via Rosato table
Li 2022 Ronneby (no background subtraction),2022,35447437,10.1016/j.envint.2022.107198,L-PFOS,2.87,2.70,3.06,mean,114,Ronneby Sweden,community water,yes,linear mixed models,4,no,yes,full text via Rosato table
Li 2022 Ronneby (background subtracted),2022,35447437,10.1016/j.envint.2022.107198,L-PFOS,2.73,2.55,2.92,mean,114,Ronneby Sweden,community water,yes,linear mixed models,4,yes,yes,full text via Rosato table
Li 2022 Ronneby (no background subtraction),2022,35447437,10.1016/j.envint.2022.107198,PFHxS,4.55,4.17,5.01,mean,114,Ronneby Sweden,community water,yes,linear mixed models,4,no,yes,full text via Rosato table
Li 2022 Ronneby (background subtracted),2022,35447437,10.1016/j.envint.2022.107198,PFHxS,4.52,4.14,4.99,mean,114,Ronneby Sweden,community water,yes,linear mixed models,4,yes,yes,full text via Rosato table
Zhang 2013 as published,2013,23980546,10.1021/es401905e,PFOA,1.3,,,geometric mean,86,general population China paired serum/urine,general population,no (background only),mass balance T=0.693*V/CL with V assumed 170 mL/kg and CL=renal only,,n/a,yes,full text
Zhang 2013 rescaled to Chiu fitted Vd,2013,23980546,10.1021/es401905e,PFOA,3.29,,,derived by us,86,general population China paired serum/urine,general population,no,Zhang clearance with Vd 430 mL/kg,,n/a,yes,derived
Zhang 2013 rescaled Vd and non-renal routes,2013,23980546,10.1021/es401905e,PFOA,1.93,,,derived by us,86,general population China paired serum/urine,general population,no,Zhang clearance with Vd 430 and 1.7:1 urinary share,,n/a,yes,derived
