PFAS,eGFR,rate with CI,Diff. with CI,p,HL with CI,HL diff %
PFOA,<90,"-0.26(-0.31, -0.2)","0.06(0, 0.12)",0.05,"2.7(2.2, 3.49)",22.47%
,≥90,"-0.31(-0.38, -0.24)",,,"2.21(1.8, 2.84)",
PFPeS,<90,"-0.64(-0.79, -0.49)","0.14(-0.02, 0.29)",0.08,"1.08(0.87, 1.42)",21.26%
,≥90,"-0.78(-0.96, -0.59)",,,"0.89(0.72, 1.17)","0.89(0.72, 1.17)"
PFHxS,<90,"-0.15(-0.18, -0.12)","0.03(0, 0.06)",0.09,"4.69(3.91, 5.88)",17.60%
,≥90,"-0.17(-0.21, -0.14)",,,"3.99(3.31, 5.03)","3.99(3.31, 5.03)"
PFHpS,<90,"-0.14(-0.17, -0.11)","0.04(0.01, 0.07)",0.02,"4.95(4.04, 6.4)",26.92%
,≥90,"-0.18(-0.22, -0.14)",,,"3.9(3.21, 4.97)",
L-PFOS,<90,"-0.25(-0.28, -0.21)","0.03(-0.01, 0.07)",0.13,"2.82(2.44, 3.34)",12.17%
,≥90,"-0.28(-0.32, -0.23)",,,"2.51(2.15, 3.02)","2.51(2.15, 3.02)"
1m-PFOS,<90,"-0.13(-0.16, -0.1)","0.02(-0.01, 0.06)",0.14,"5.19(4.2, 6.8)",17.89%
,≥90,"-0.16(-0.2, -0.12)",,,"4.41(3.55, 5.8)",
3/4/5m-PFOS,<90,"-0.19(-0.23, -0.16)","0.03(0, 0.07)",0.04,"3.61(3.07, 4.37)",17.95%
,≥90,"-0.23(-0.27, -0.19)",,,"3.06(2.59, 3.72)","3.06(2.59, 3.72)"
2/6m-PFOS,<90,"-0.25(-0.28, -0.21)","0.04(0, 0.08)",0.03,"2.8(2.44, 3.27)",16.15%
,≥90,"-0.29(-0.33, -0.24)",,,"2.41(2.09, 2.84)","2.41(2.09, 2.84)"
