chemical,mouse_cl_mL_kg_day,human_cl_measured_mL_kg_day,human_pred_slope_-0.25,human_pred_slope_-0.33,human_pred_slope_-0.4138,ratio_measured_over_pred_at_-0.4138,human_cl_source
PFBA,783,21.8,98.5,50.7,25.3,0.86,Abraham 2024
PFHxA,6830,56.9,859,442,221,0.26,Abraham 2024
PFOA,4.54,0.042,0.571,0.294,0.147,0.29,Abraham 2024
PFNA,2.1,0.067,0.264,0.136,0.068,0.98,Abraham 2024
PFDA,1.78,0.148,0.224,0.115,0.058,2.56,Abraham 2024
PFBS,,1.88,,,,,Abraham 2024 (mouse CL 22-2589 nonlinear; not calculated)
PFHxS,1.34,0.053,0.168,0.087,0.043,1.22,Abraham 2024
PFOS,2.68,0.088,0.337,0.174,0.087,1.01,Abraham 2024
PFDS,5.15,,0.648,0.334,0.166,,no measured human value
GenX,274,43.0,34.5,17.7,8.9,4.86,Abraham 2024
PFO2OA,1570,,197,102,50.7,,no measured human value
