matrix,parameter,female,female_ci,male,male_ci,ratio_M_over_F,units,source_table
sera,vd,0.135,0.102-0.179,0.226,0.202-0.253,1.674,L/kg,Lou 2009 Table 2
sera,ke,0.00185,0.00175-0.00196,0.00133,0.00120-0.00148,0.719,1/h,Lou 2009 Table 2
sera,halflife,15.6,14.7-16.5,21.7,19.5-24.1,1.391,d,Lou 2009 Table 2
sera,clearance_derived,5.99,,7.21,,1.204,mL/kg/day,"ke x Vd x 24000; derived here from Lou 2009 Table 2"
liver,vd,0.161,0.148-0.176,0.120,0.111-0.129,0.745,L/kg,Lou 2009 Table 2
liver,ke,0.00161,0.00143-0.00181,0.00129,0.00115-0.00145,0.801,1/h,Lou 2009 Table 2
kidney,vd_1mgkg,0.822,0.745-0.908,1.280,1.145-1.432,1.557,L/kg,Lou 2009 Table 2
kidney,vd_10mgkg,1.092,1.004-1.188,1.700,1.520-1.902,1.557,L/kg,Lou 2009 Table 2
kidney,ke,0.00151,0.00138-0.00166,0.00113,0.000992-0.00128,0.748,1/h,Lou 2009 Table 2
