chemical,agency,document,year,parameter,clearance_mL_kg_day,units_as_published,value_as_published,adopted,primary_source_cited,assumptions,page_or_table,url
PFHxA,EFSA CONTAM Panel,"Risk to human health related to the presence of perfluoroalkyl substances in food, EFSA Journal 2020;18(9):6223",2020,total clearance (urinary+biliary),4.33,mL/kg-day,4.33,no,Russell et al. 2013,Highest total clearance among the PFAS in Table 15 along with PFHpA,Table 15,https://doi.org/10.2903/j.efsa.2020.6223
PFHxS,US EPA (IRIS),"IRIS Toxicological Review of Perfluorohexanesulfonic Acid (PFHxS) and Related Salts, EPA/635/R-25/012Fa",2025,clearance (CL) back-calculated,0.022,mL/kg-day,0.022,no,Fu et al. 2016,Fu et al. reported GM half-life 19.9 y in men using an assumed Vd of 230 mL/kg; EPA back-calculated CL. Reported population GM urinary clearance was 0.023 mL/kg-day; women 0.024 mL/kg-day,Sec 3.1.x p.~3-30,https://iris.epa.gov/static/pdfs/0705tr.pdf
PFHxS,US EPA (IRIS),"IRIS Toxicological Review of Perfluorohexanesulfonic Acid (PFHxS) and Related Salts, EPA/635/R-25/012Fa",2025,renal clearance (geometric mean),0.028,mL/kg-day,0.028,no,Zhang et al. 2013b,,Sec 3.1.x p.~3-32; Figure 3-3,https://iris.epa.gov/static/pdfs/0705tr.pdf
PFHxS,US EPA (IRIS),"IRIS Toxicological Review of Perfluorohexanesulfonic Acid (PFHxS) and Related Salts, EPA/635/R-25/012Fa",2025,clearance (CL) - ADOPTED,0.041,mL/kg-day,0.041,yes,Zhang et al. 2013b; Fu et al. 2016; Li et al. 2018; Li et al. 2022b; Verner & Longnecker 2015; NHANES analysis,Range of estimates spans ~5-fold; EPA judged the true value unlikely to be below the 0.019 mL/kg-day minimum from Zhang et al. 2013b; adopted value is 2.2x that minimum,Sec 3.1.x p.3-36/3-37; Table 3-4,https://iris.epa.gov/static/pdfs/0705tr.pdf
PFHxS,US EPA (IRIS),"IRIS Toxicological Review of Perfluorohexanesulfonic Acid (PFHxS) and Related Salts, EPA/635/R-25/012Fa",2025,clearance (CL) - ADOPTED,0.072,mL/kg-day,0.072,yes,NHANES sex-difference analysis; Verner & Longnecker 2015 menstrual clearance 0.033 mL/kg-day,"Women of childbearing age assigned 1.765x the male/older-female clearance; cross-checked as (0.041+0.033)/0.041 = 1.8. NOT applied to nondevelopmental endpoints (e.g. thyroid in adult female rats), where 'the analysis effectively assumes that all women are effectively amenorrheic'. Variability among women is instead covered by UFh,PK = 3",Sec 3.1.x p.3-36/3-37,https://iris.epa.gov/static/pdfs/0705tr.pdf
PFNA,EFSA CONTAM Panel,"Risk to human health related to the presence of perfluoroalkyl substances in food, EFSA Journal 2020;18(9):6223",2020,total clearance,0.062,mL/kg-day,0.062,no,Fujii et al. 2015,"M n=5, F n=5",Table 15,https://doi.org/10.2903/j.efsa.2020.6223
PFOA,OEHHA,Public Health Goals for PFOA and PFOS in Drinking Water (final technical support document),2024,renal clearance (CLR) geometric mean,0.059,mL/kg-day,0.059,no,Fu 2016; Gao 2015b; Zhang 2015; Fujii 2015; Zhou 2014; Harada 2005a,Geometric mean of 6 studies AFTER excluding Zhang et al. 2013b (0.79 mL/kg-day) as an outlier; next-highest value was 0.09 mL/kg-day; Harada 2005a two sexes averaged,Table 4.5.1 p.43,https://oehha.ca.gov/sites/default/files/media/2024-10/pfoapfosphgfinaldraft040524.pdf
PFOA,US EPA,"Human Health Toxicity Assessment for Perfluorooctanoic Acid (PFOA), EPA-815R24006",2024,clearance (CL) - ADOPTED,0.12,mL/kg-day,0.120,yes,derived (Thompson 2010a Vd; Li 2017d T1/2),"Calculated, not measured. Used directly in the updated Verner et al. (2016) lactational-transfer model and to compute steady-state adult serum. Original Verner 2016 values were Vd 170 mL/kg, T1/2 3.8 y, CL 0.085 mL/kg-d. With updated parameters predicted PFOA serum is ~70% of original during pregnancy and ~60% in the child's first year",Table 4-6 p.4-35,https://www.epa.gov/system/files/documents/2024-05/final-human-health-toxicity-assessment-pfoa.pdf
PFOA,EFSA CONTAM Panel,"Risk to human health related to the presence of perfluoroalkyl substances in food, EFSA Journal 2020;18(9):6223",2020,total clearance,0.132,mL/kg-day,0.132,no,Harada et al. 2005,n=20 males,Table 15,https://doi.org/10.2903/j.efsa.2020.6223
PFOA,OEHHA,Public Health Goals for PFOA and PFOS in Drinking Water (final technical support document),2024,clearance (CL) - ADOPTED for serum-to-dose conversion,0.27999999999999997,L/kg-day,2.8e-4,yes,Fromme 2007; Trudel 2008; Frisbee 2009; Brede 2010; Thompson 2010; Haug 2011; Lorber & Egeghy 2011; Vestergren 2012,All exposure assessments assumed at steady state; slope of regression = clearance; absorption efficiency 0.91 for drinking-water arm; option A-3 preferred over Vd x ln2/T1/2 because it bypasses separate Vd and T1/2 estimation and uses human data only,Exec. Summary p.9; Sec 4.9 Fig 4.9.1 p.61; Table 4.9.3 p.64 (option A-3),https://oehha.ca.gov/sites/default/files/media/2024-10/pfoapfosphgfinaldraft040524.pdf
PFOS,OEHHA,Public Health Goals for PFOA and PFOS in Drinking Water (final technical support document),2024,renal clearance (CLR) geometric mean,0.016,mL/kg-day,0.016,no,Fu 2016; Gao 2015b; Zhang 2015; Zhou 2014; Zhang 2013b; Harada 2005a,Geometric mean of 6 studies; Zhang 2013b PFOS value (0.031) was retained (only the PFOA value was excluded as an outlier),Table 4.5.1 p.43,https://oehha.ca.gov/sites/default/files/media/2024-10/pfoapfosphgfinaldraft040524.pdf
PFOS,US EPA,"Human Health Toxicity Assessment for Perfluorooctane Sulfonic Acid (PFOS), EPA-815R24007",2024,urinary clearance,0.044,mL/kg-day,0.044,no,Zhang et al. 2013 (as cited by EPA),0.044 mL/kg/day in young women and 0.024 mL/kg/day in men and older women for total PFOS; Fu et al. 2016 estimated 0.010 mL/kg/day,Sec 3.3.1.2.x p.~3-x,https://www.epa.gov/system/files/documents/2024-05/final-human-health-toxicity-assessment-pfos.pdf
PFOS,EFSA CONTAM Panel,"Risk to human health related to the presence of perfluoroalkyl substances in food, EFSA Journal 2020;18(9):6223",2020,total clearance,0.066,mL/kg-day,0.066,no,Harada et al. 2005,n=20 males,Table 15,https://doi.org/10.2903/j.efsa.2020.6223
PFOS,Health Canada (via OEHHA response-to-comments),Responses to Peer Review and Public Comments on the PHGs for PFOA and PFOS in Drinking Water,2024,human clearance (hCL),0.07,mL/kg-day,0.07,no,Health Canada 2018,"As reported by OEHHA: 'The calculated hCL was 0.07 ml/kg-day, which is 5.5 times lower than the value chosen by OEHHA (3.9x10-4 L/kg-day)... The difference... is due to longer half-life and smaller volume of distribution estimates that were chosen for the hCL prior to the availability of the more recent literature used by OEHHA.' Health Canada did not use a human PBPK model",Response 30 p.127,https://oehha.ca.gov/sites/default/files/media/2024-10/pfoapfosresponsestocomments040424.pdf
PFOS,US EPA,"Human Health Toxicity Assessment for Perfluorooctane Sulfonic Acid (PFOS), EPA-815R24007",2024,clearance (CL) - ADOPTED,0.128,mL/kg-day,0.128,yes,derived (Thompson 2010a Vd; Li 2018b T1/2),Used as the serum-to-dose factor: HED = POD(serum) x 0.128 mL/kg-day. Original Verner 2016 value 0.079 mL/kg-day,Table 4-6 p.4-33; HED derivations Sec 5,https://www.epa.gov/system/files/documents/2024-05/final-human-health-toxicity-assessment-pfos.pdf
PFOS,OEHHA,Public Health Goals for PFOA and PFOS in Drinking Water (final technical support document),2024,clearance (CL) - ADOPTED for serum-to-dose conversion,0.39,L/kg-day,3.9e-4,yes,Li et al. 2018c (Ronneby); Silva et al. 2020,"Ronneby Sweden drinking water 8,000 ng/L; median serum 372 ng/mL in residents exposed >=10 y (N=1,176); water intake 1.4 L/d; absorption efficiency fa=0.9; BW 70 kg; steady state assumed by 2013; >=10 y subgroup chosen over >=29 y because 45.7% of the latter were 66-94 y and violate steady state",Exec. Summary p.9; Sec 4.9 p.62; Table 4.9.3 p.64 (option S-2),https://oehha.ca.gov/sites/default/files/media/2024-10/pfoapfosphgfinaldraft040524.pdf
