PFAS,sex,halflife_mouse_d,halflife_rat_d,halflife_ratio_mouse_over_rat,vd_ratio,clearance_ratio,ln_halflife_ratio,ln_vd_contribution,ln_clearance_contribution,pct_attributable_to_vd,pct_attributable_to_clearance,serum_median_mouse_ngml,serum_median_rat_ngml,dose_median_mouse,dose_median_rat,dose_units
PFBA,Male,0.7239,0.3478,2.081,1.330,0.564,0.7330,0.2849,0.5725,33.2,66.8,51930.0,76111.4,30.000,30.000,mg/kg single
PFBA,Female,0.1861,0.0979,1.901,0.967,0.459,0.6423,-0.0336,0.7791,4.1,95.9,26750.3,11263.2,30.000,30.000,mg/kg single
PFBS,Male,0.1862,0.1205,1.546,1.382,0.865,0.4356,0.3238,0.1455,69.0,31.0,118255.0,18500.0,300.000,20.000,mg/kg single
PFBS,Female,0.1254,0.0409,3.065,1.170,0.366,1.1201,0.1567,1.0048,13.5,86.5,55355.5,7940.0,300.000,20.000,mg/kg single
PFHxA,Male,0.2149,0.0951,2.261,1.611,0.708,0.8157,0.4768,0.3457,58.0,42.0,1601.4,34900.0,100.000,45.000,mg/kg single
PFHxA,Female,0.2507,0.0342,7.330,3.934,0.547,1.9920,1.3696,0.6028,69.4,30.6,23250.0,24200.0,100.000,80.000,mg/kg single
PFHxS,Male,27.3973,29.7127,0.922,0.747,0.795,-0.0811,-0.2915,0.2298,55.9,44.1,8012.1,28000.0,10.500,10.000,mg/kg single
PFHxS,Female,26.6651,1.7444,15.286,0.504,0.032,2.7269,-0.6862,3.4442,16.6,83.4,8831.7,10100.0,10.500,4.000,mg/kg single
PFNA,Male,227.4596,53.7217,4.234,2.514,1.189,1.4432,0.9217,-0.1727,84.2,15.8,3599.4,6540.0,5.500,3.000,mg/kg single
PFNA,Female,59.4392,2.8308,20.997,1.254,0.061,3.0444,0.2266,2.7902,7.5,92.5,6456.0,530.0,5.500,3.000,mg/kg single
PFOA,Male,25.6305,14.2002,1.805,0.871,0.460,0.5905,-0.1379,0.7760,15.1,84.9,6570.0,3660.0,10.000,1.000,mg/kg single
PFOA,Female,21.4526,0.6905,31.070,0.460,0.019,3.4362,-0.7761,3.9853,16.3,83.7,15800.0,3704.0,10.000,5.000,mg/kg single
PFOS,Male,35.4905,57.0748,0.622,0.647,1.014,-0.4751,-0.4353,-0.0142,96.8,3.2,4338.4,3987.6,10.500,2.000,mg/kg single
PFOS,Female,32.8099,54.7340,0.599,0.793,1.249,-0.5118,-0.2315,-0.2221,51.0,49.0,3988.8,4900.0,10.500,2.000,mg/kg single
