study,year,pmid,doi,chemical,chemical_class,species,is_mammal,strain_or_breed,sex,n,route,dose,dose_units,matrix,parameter,value,units,ci_low,ci_high,vd_type,model,dose_linearity,source_table,notes
Gayrard 2021,2021,34786950,10.1289/EHP8957,PFOA,perfluoroalkyl carboxylic acid,rabbit,yes,New Zealand White (INRA 1777 line),F,12,"IV (single, ear vein, in 8-compound mixture)",0.082,mg/kg,serum,clearance,0.00723,L/kg/h,,,,"non-compartmental (sparse-data NCA, Phoenix WinNonlin 8.3)",assumed linear; authors state no dose-dependent kinetics over 37-32609x range between TK and chronic doses,"Table 2 (TK parameters by NCA after IV dosing, n=12)","8-compound mixture dosing (BDE-47, BPS, pp'DDE, HCB, beta-HCH, MEHP, PFOA, PFOS); each rabbit sampled 3x, 3 rabbits/timepoint; sampling to 28 d"
Gayrard 2021,2021,34786950,10.1289/EHP8957,PFOA,perfluoroalkyl carboxylic acid,rabbit,yes,New Zealand White (INRA 1777 line),F,12,"IV (single, ear vein, in 8-compound mixture)",0.082,mg/kg,serum,half-life,31.8,h,,,,"non-compartmental (sparse-data NCA, Phoenix WinNonlin 8.3)",assumed linear; authors state no dose-dependent kinetics over 37-32609x range between TK and chronic doses,"Table 2 (TK parameters by NCA after IV dosing, n=12)","8-compound mixture dosing (BDE-47, BPS, pp'DDE, HCB, beta-HCH, MEHP, PFOA, PFOS); each rabbit sampled 3x, 3 rabbits/timepoint; sampling to 28 d"
Gayrard 2021,2021,34786950,10.1289/EHP8957,PFOA,perfluoroalkyl carboxylic acid,rabbit,yes,New Zealand White (INRA 1777 line),F,12,"IV (single, ear vein, in 8-compound mixture)",0.082,mg/kg,serum,Vd,0.135,L/kg,,,Vss,"non-compartmental (sparse-data NCA, Phoenix WinNonlin 8.3)",assumed linear; authors state no dose-dependent kinetics over 37-32609x range between TK and chronic doses,"Table 2 (TK parameters by NCA after IV dosing, n=12)","8-compound mixture dosing (BDE-47, BPS, pp'DDE, HCB, beta-HCH, MEHP, PFOA, PFOS); each rabbit sampled 3x, 3 rabbits/timepoint; sampling to 28 d"
Gayrard 2021,2021,34786950,10.1289/EHP8957,PFOA,perfluoroalkyl carboxylic acid,rabbit,yes,New Zealand White (INRA 1777 line),F,12,"IV (single, ear vein, in 8-compound mixture)",0.082,mg/kg,serum,Vd,0.332,L/kg,,,Vz,"non-compartmental (sparse-data NCA, Phoenix WinNonlin 8.3)",assumed linear; authors state no dose-dependent kinetics over 37-32609x range between TK and chronic doses,"Table 2 (TK parameters by NCA after IV dosing, n=12)","8-compound mixture dosing (BDE-47, BPS, pp'DDE, HCB, beta-HCH, MEHP, PFOA, PFOS); each rabbit sampled 3x, 3 rabbits/timepoint; sampling to 28 d"
Gayrard 2021,2021,34786950,10.1289/EHP8957,"PFOS (linear, nPFOS)",perfluoroalkane sulfonic acid,rabbit,yes,New Zealand White (INRA 1777 line),F,12,"IV (single, ear vein, in 8-compound mixture)",0.057,mg/kg,serum,clearance,0.000346,L/kg/h,,,,"non-compartmental (sparse-data NCA, Phoenix WinNonlin 8.3)",assumed linear; authors state no dose-dependent kinetics over 37-32609x range between TK and chronic doses,"Table 2 (TK parameters by NCA after IV dosing, n=12)","8-compound mixture dosing (BDE-47, BPS, pp'DDE, HCB, beta-HCH, MEHP, PFOA, PFOS); each rabbit sampled 3x, 3 rabbits/timepoint; sampling to 28 d"
Gayrard 2021,2021,34786950,10.1289/EHP8957,"PFOS (linear, nPFOS)",perfluoroalkane sulfonic acid,rabbit,yes,New Zealand White (INRA 1777 line),F,12,"IV (single, ear vein, in 8-compound mixture)",0.057,mg/kg,serum,half-life,708,h,,,,"non-compartmental (sparse-data NCA, Phoenix WinNonlin 8.3)",assumed linear; authors state no dose-dependent kinetics over 37-32609x range between TK and chronic doses,"Table 2 (TK parameters by NCA after IV dosing, n=12)","8-compound mixture dosing (BDE-47, BPS, pp'DDE, HCB, beta-HCH, MEHP, PFOA, PFOS); each rabbit sampled 3x, 3 rabbits/timepoint; sampling to 28 d"
Gayrard 2021,2021,34786950,10.1289/EHP8957,"PFOS (linear, nPFOS)",perfluoroalkane sulfonic acid,rabbit,yes,New Zealand White (INRA 1777 line),F,12,"IV (single, ear vein, in 8-compound mixture)",0.057,mg/kg,serum,Vd,0.336,L/kg,,,Vss,"non-compartmental (sparse-data NCA, Phoenix WinNonlin 8.3)",assumed linear; authors state no dose-dependent kinetics over 37-32609x range between TK and chronic doses,"Table 2 (TK parameters by NCA after IV dosing, n=12)","8-compound mixture dosing (BDE-47, BPS, pp'DDE, HCB, beta-HCH, MEHP, PFOA, PFOS); each rabbit sampled 3x, 3 rabbits/timepoint; sampling to 28 d"
Gayrard 2021,2021,34786950,10.1289/EHP8957,"PFOS (linear, nPFOS)",perfluoroalkane sulfonic acid,rabbit,yes,New Zealand White (INRA 1777 line),F,12,"IV (single, ear vein, in 8-compound mixture)",0.057,mg/kg,serum,Vd,0.353,L/kg,,,Vz,"non-compartmental (sparse-data NCA, Phoenix WinNonlin 8.3)",assumed linear; authors state no dose-dependent kinetics over 37-32609x range between TK and chronic doses,"Table 2 (TK parameters by NCA after IV dosing, n=12)","8-compound mixture dosing (BDE-47, BPS, pp'DDE, HCB, beta-HCH, MEHP, PFOA, PFOS); each rabbit sampled 3x, 3 rabbits/timepoint; sampling to 28 d"
Gayrard 2021,2021,34786950,10.1289/EHP8957,"PFOS (branched, brPFOS)",perfluoroalkane sulfonic acid,rabbit,yes,New Zealand White (INRA 1777 line),F,12,"IV (single, ear vein, in 8-compound mixture)",0.037,mg/kg,serum,clearance,0.000203,L/kg/h,,,,"non-compartmental (sparse-data NCA, Phoenix WinNonlin 8.3)",assumed linear; authors state no dose-dependent kinetics over 37-32609x range between TK and chronic doses,"Table 2 (TK parameters by NCA after IV dosing, n=12)","8-compound mixture dosing (BDE-47, BPS, pp'DDE, HCB, beta-HCH, MEHP, PFOA, PFOS); each rabbit sampled 3x, 3 rabbits/timepoint; sampling to 28 d"
Gayrard 2021,2021,34786950,10.1289/EHP8957,"PFOS (branched, brPFOS)",perfluoroalkane sulfonic acid,rabbit,yes,New Zealand White (INRA 1777 line),F,12,"IV (single, ear vein, in 8-compound mixture)",0.037,mg/kg,serum,half-life,601,h,,,,"non-compartmental (sparse-data NCA, Phoenix WinNonlin 8.3)",assumed linear; authors state no dose-dependent kinetics over 37-32609x range between TK and chronic doses,"Table 2 (TK parameters by NCA after IV dosing, n=12)","8-compound mixture dosing (BDE-47, BPS, pp'DDE, HCB, beta-HCH, MEHP, PFOA, PFOS); each rabbit sampled 3x, 3 rabbits/timepoint; sampling to 28 d"
Gayrard 2021,2021,34786950,10.1289/EHP8957,"PFOS (branched, brPFOS)",perfluoroalkane sulfonic acid,rabbit,yes,New Zealand White (INRA 1777 line),F,12,"IV (single, ear vein, in 8-compound mixture)",0.037,mg/kg,serum,Vd,0.165,L/kg,,,Vss,"non-compartmental (sparse-data NCA, Phoenix WinNonlin 8.3)",assumed linear; authors state no dose-dependent kinetics over 37-32609x range between TK and chronic doses,"Table 2 (TK parameters by NCA after IV dosing, n=12)","8-compound mixture dosing (BDE-47, BPS, pp'DDE, HCB, beta-HCH, MEHP, PFOA, PFOS); each rabbit sampled 3x, 3 rabbits/timepoint; sampling to 28 d"
Gayrard 2021,2021,34786950,10.1289/EHP8957,"PFOS (branched, brPFOS)",perfluoroalkane sulfonic acid,rabbit,yes,New Zealand White (INRA 1777 line),F,12,"IV (single, ear vein, in 8-compound mixture)",0.037,mg/kg,serum,Vd,0.176,L/kg,,,Vz,"non-compartmental (sparse-data NCA, Phoenix WinNonlin 8.3)",assumed linear; authors state no dose-dependent kinetics over 37-32609x range between TK and chronic doses,"Table 2 (TK parameters by NCA after IV dosing, n=12)","8-compound mixture dosing (BDE-47, BPS, pp'DDE, HCB, beta-HCH, MEHP, PFOA, PFOS); each rabbit sampled 3x, 3 rabbits/timepoint; sampling to 28 d"
Gayrard 2021,2021,34786950,10.1289/EHP8957,PFOA,perfluoroalkyl carboxylic acid,rabbit,yes,New Zealand White (INRA 1777 line),F,12,"oral gavage (single, in 8-compound mixture)",0.4,mg/kg,serum,clearance,0.00572,L/kg/h,,,,non-compartmental (sparse-data NCA),assumed linear; authors state no dose-dependent kinetics over 37-32609x range between TK and chronic doses,"Table 3 (TK parameters by NCA after oral dosing, n=12)","clearance is apparent CL/F; authors state NCA F>100% is theoretically impossible and NCA could not give robust estimates, so prefer the NLME values in Table 4"
Gayrard 2021,2021,34786950,10.1289/EHP8957,PFOA,perfluoroalkyl carboxylic acid,rabbit,yes,New Zealand White (INRA 1777 line),F,12,"oral gavage (single, in 8-compound mixture)",0.4,mg/kg,serum,half-life,77.6,h,,,,non-compartmental (sparse-data NCA),assumed linear; authors state no dose-dependent kinetics over 37-32609x range between TK and chronic doses,"Table 3 (TK parameters by NCA after oral dosing, n=12)","clearance is apparent CL/F; authors state NCA F>100% is theoretically impossible and NCA could not give robust estimates, so prefer the NLME values in Table 4"
Gayrard 2021,2021,34786950,10.1289/EHP8957,PFOA,perfluoroalkyl carboxylic acid,rabbit,yes,New Zealand White (INRA 1777 line),F,12,"oral gavage (single, in 8-compound mixture)",0.4,mg/kg,serum,Vd,0.64,L/kg,,,Vz/F (apparent),non-compartmental (sparse-data NCA),assumed linear; authors state no dose-dependent kinetics over 37-32609x range between TK and chronic doses,"Table 3 (TK parameters by NCA after oral dosing, n=12)","clearance is apparent CL/F; authors state NCA F>100% is theoretically impossible and NCA could not give robust estimates, so prefer the NLME values in Table 4"
Gayrard 2021,2021,34786950,10.1289/EHP8957,PFOA,perfluoroalkyl carboxylic acid,rabbit,yes,New Zealand White (INRA 1777 line),F,12,"oral gavage (single, in 8-compound mixture)",0.4,mg/kg,serum,bioavailability,1.26,fraction,,,,non-compartmental (sparse-data NCA),assumed linear; authors state no dose-dependent kinetics over 37-32609x range between TK and chronic doses,"Table 3 (TK parameters by NCA after oral dosing, n=12)","clearance is apparent CL/F; authors state NCA F>100% is theoretically impossible and NCA could not give robust estimates, so prefer the NLME values in Table 4"
Gayrard 2021,2021,34786950,10.1289/EHP8957,"PFOS (linear, nPFOS)",perfluoroalkane sulfonic acid,rabbit,yes,New Zealand White (INRA 1777 line),F,12,"oral gavage (single, in 8-compound mixture)",0.2,mg/kg,serum,clearance,0.000208,L/kg/h,,,,non-compartmental (sparse-data NCA),assumed linear; authors state no dose-dependent kinetics over 37-32609x range between TK and chronic doses,"Table 3 (TK parameters by NCA after oral dosing, n=12)","clearance is apparent CL/F; authors state NCA F>100% is theoretically impossible and NCA could not give robust estimates, so prefer the NLME values in Table 4"
Gayrard 2021,2021,34786950,10.1289/EHP8957,"PFOS (linear, nPFOS)",perfluoroalkane sulfonic acid,rabbit,yes,New Zealand White (INRA 1777 line),F,12,"oral gavage (single, in 8-compound mixture)",0.2,mg/kg,serum,half-life,1195,h,,,,non-compartmental (sparse-data NCA),assumed linear; authors state no dose-dependent kinetics over 37-32609x range between TK and chronic doses,"Table 3 (TK parameters by NCA after oral dosing, n=12)","clearance is apparent CL/F; authors state NCA F>100% is theoretically impossible and NCA could not give robust estimates, so prefer the NLME values in Table 4"
Gayrard 2021,2021,34786950,10.1289/EHP8957,"PFOS (linear, nPFOS)",perfluoroalkane sulfonic acid,rabbit,yes,New Zealand White (INRA 1777 line),F,12,"oral gavage (single, in 8-compound mixture)",0.2,mg/kg,serum,Vd,0.359,L/kg,,,Vz/F (apparent),non-compartmental (sparse-data NCA),assumed linear; authors state no dose-dependent kinetics over 37-32609x range between TK and chronic doses,"Table 3 (TK parameters by NCA after oral dosing, n=12)","clearance is apparent CL/F; authors state NCA F>100% is theoretically impossible and NCA could not give robust estimates, so prefer the NLME values in Table 4"
Gayrard 2021,2021,34786950,10.1289/EHP8957,"PFOS (linear, nPFOS)",perfluoroalkane sulfonic acid,rabbit,yes,New Zealand White (INRA 1777 line),F,12,"oral gavage (single, in 8-compound mixture)",0.2,mg/kg,serum,bioavailability,1.66,fraction,,,,non-compartmental (sparse-data NCA),assumed linear; authors state no dose-dependent kinetics over 37-32609x range between TK and chronic doses,"Table 3 (TK parameters by NCA after oral dosing, n=12)","clearance is apparent CL/F; authors state NCA F>100% is theoretically impossible and NCA could not give robust estimates, so prefer the NLME values in Table 4"
Gayrard 2021,2021,34786950,10.1289/EHP8957,"PFOS (branched, brPFOS)",perfluoroalkane sulfonic acid,rabbit,yes,New Zealand White (INRA 1777 line),F,12,"oral gavage (single, in 8-compound mixture)",0.15,mg/kg,serum,clearance,0.000153,L/kg/h,,,,non-compartmental (sparse-data NCA),assumed linear; authors state no dose-dependent kinetics over 37-32609x range between TK and chronic doses,"Table 3 (TK parameters by NCA after oral dosing, n=12)","clearance is apparent CL/F; authors state NCA F>100% is theoretically impossible and NCA could not give robust estimates, so prefer the NLME values in Table 4"
Gayrard 2021,2021,34786950,10.1289/EHP8957,"PFOS (branched, brPFOS)",perfluoroalkane sulfonic acid,rabbit,yes,New Zealand White (INRA 1777 line),F,12,"oral gavage (single, in 8-compound mixture)",0.15,mg/kg,serum,half-life,719,h,,,,non-compartmental (sparse-data NCA),assumed linear; authors state no dose-dependent kinetics over 37-32609x range between TK and chronic doses,"Table 3 (TK parameters by NCA after oral dosing, n=12)","clearance is apparent CL/F; authors state NCA F>100% is theoretically impossible and NCA could not give robust estimates, so prefer the NLME values in Table 4"
Gayrard 2021,2021,34786950,10.1289/EHP8957,"PFOS (branched, brPFOS)",perfluoroalkane sulfonic acid,rabbit,yes,New Zealand White (INRA 1777 line),F,12,"oral gavage (single, in 8-compound mixture)",0.15,mg/kg,serum,Vd,0.158,L/kg,,,Vz/F (apparent),non-compartmental (sparse-data NCA),assumed linear; authors state no dose-dependent kinetics over 37-32609x range between TK and chronic doses,"Table 3 (TK parameters by NCA after oral dosing, n=12)","clearance is apparent CL/F; authors state NCA F>100% is theoretically impossible and NCA could not give robust estimates, so prefer the NLME values in Table 4"
Gayrard 2021,2021,34786950,10.1289/EHP8957,"PFOS (branched, brPFOS)",perfluoroalkane sulfonic acid,rabbit,yes,New Zealand White (INRA 1777 line),F,12,"oral gavage (single, in 8-compound mixture)",0.15,mg/kg,serum,bioavailability,1.33,fraction,,,,non-compartmental (sparse-data NCA),assumed linear; authors state no dose-dependent kinetics over 37-32609x range between TK and chronic doses,"Table 3 (TK parameters by NCA after oral dosing, n=12)","clearance is apparent CL/F; authors state NCA F>100% is theoretically impossible and NCA could not give robust estimates, so prefer the NLME values in Table 4"
Gayrard 2021,2021,34786950,10.1289/EHP8957,PFOA,perfluoroalkyl carboxylic acid,rabbit,yes,New Zealand White (INRA 1777 line),F,12,IV and oral fitted simultaneously,0.037-0.400,mg/kg,serum,bioavailability,1.0,fraction,,,,"three-compartment NLME (population, Phoenix NLME; Laplacian/QRPEM)",assumed linear; authors state no dose-dependent kinetics over 37-32609x range between TK and chronic doses,"Table 4 (population secondary parameters, two-/three-compartment model)",CV of estimate 11%. peripheral compartment volumes 0.037 and 0.049 L/kg; distribution clearances 0.0047 and 0.00039 L/kg/h; MRT 25 h
Gayrard 2021,2021,34786950,10.1289/EHP8957,PFOA,perfluoroalkyl carboxylic acid,rabbit,yes,New Zealand White (INRA 1777 line),F,12,IV and oral fitted simultaneously,0.037-0.400,mg/kg,serum,clearance,0.0076,L/kg/h,,,,"three-compartment NLME (population, Phoenix NLME; Laplacian/QRPEM)",assumed linear; authors state no dose-dependent kinetics over 37-32609x range between TK and chronic doses,"Table 4 (population secondary parameters, two-/three-compartment model)",CV of estimate 15%. peripheral compartment volumes 0.037 and 0.049 L/kg; distribution clearances 0.0047 and 0.00039 L/kg/h; MRT 25 h
Gayrard 2021,2021,34786950,10.1289/EHP8957,PFOA,perfluoroalkyl carboxylic acid,rabbit,yes,New Zealand White (INRA 1777 line),F,12,IV and oral fitted simultaneously,0.037-0.400,mg/kg,serum,Vd,0.19,L/kg,,,Vss,"three-compartment NLME (population, Phoenix NLME; Laplacian/QRPEM)",assumed linear; authors state no dose-dependent kinetics over 37-32609x range between TK and chronic doses,"Table 4 (population secondary parameters, two-/three-compartment model)",CV of estimate 21%. peripheral compartment volumes 0.037 and 0.049 L/kg; distribution clearances 0.0047 and 0.00039 L/kg/h; MRT 25 h
Gayrard 2021,2021,34786950,10.1289/EHP8957,PFOA,perfluoroalkyl carboxylic acid,rabbit,yes,New Zealand White (INRA 1777 line),F,12,IV and oral fitted simultaneously,0.037-0.400,mg/kg,serum,half-life,92,h,,,,"three-compartment NLME (population, Phoenix NLME; Laplacian/QRPEM)",assumed linear; authors state no dose-dependent kinetics over 37-32609x range between TK and chronic doses,"Table 4 (population secondary parameters, two-/three-compartment model)",CV of estimate 10%. peripheral compartment volumes 0.037 and 0.049 L/kg; distribution clearances 0.0047 and 0.00039 L/kg/h; MRT 25 h
Gayrard 2021,2021,34786950,10.1289/EHP8957,"PFOS (linear, nPFOS)",perfluoroalkane sulfonic acid,rabbit,yes,New Zealand White (INRA 1777 line),F,12,IV and oral fitted simultaneously,0.037-0.400,mg/kg,serum,bioavailability,1.0,fraction,,,,two-compartment NLME (population),assumed linear; authors state no dose-dependent kinetics over 37-32609x range between TK and chronic doses,"Table 4 (population secondary parameters, two-/three-compartment model)",CV of estimate 6.8%. peripheral compartment volume 0.077 L/kg; distribution clearance 0.044 L/kg/h; MRT 1143 h (47.6 d)
Gayrard 2021,2021,34786950,10.1289/EHP8957,"PFOS (linear, nPFOS)",perfluoroalkane sulfonic acid,rabbit,yes,New Zealand White (INRA 1777 line),F,12,IV and oral fitted simultaneously,0.037-0.400,mg/kg,serum,clearance,0.00032,L/kg/h,,,,two-compartment NLME (population),assumed linear; authors state no dose-dependent kinetics over 37-32609x range between TK and chronic doses,"Table 4 (population secondary parameters, two-/three-compartment model)",CV of estimate 10%. peripheral compartment volume 0.077 L/kg; distribution clearance 0.044 L/kg/h; MRT 1143 h (47.6 d)
Gayrard 2021,2021,34786950,10.1289/EHP8957,"PFOS (linear, nPFOS)",perfluoroalkane sulfonic acid,rabbit,yes,New Zealand White (INRA 1777 line),F,12,IV and oral fitted simultaneously,0.037-0.400,mg/kg,serum,Vd,0.37,L/kg,,,Vss,two-compartment NLME (population),assumed linear; authors state no dose-dependent kinetics over 37-32609x range between TK and chronic doses,"Table 4 (population secondary parameters, two-/three-compartment model)",CV of estimate 4.3%. peripheral compartment volume 0.077 L/kg; distribution clearance 0.044 L/kg/h; MRT 1143 h (47.6 d)
Gayrard 2021,2021,34786950,10.1289/EHP8957,"PFOS (linear, nPFOS)",perfluoroalkane sulfonic acid,rabbit,yes,New Zealand White (INRA 1777 line),F,12,IV and oral fitted simultaneously,0.037-0.400,mg/kg,serum,half-life,793,h,,,,two-compartment NLME (population),assumed linear; authors state no dose-dependent kinetics over 37-32609x range between TK and chronic doses,"Table 4 (population secondary parameters, two-/three-compartment model)",CV of estimate 12%. peripheral compartment volume 0.077 L/kg; distribution clearance 0.044 L/kg/h; MRT 1143 h (47.6 d)
Gayrard 2021,2021,34786950,10.1289/EHP8957,"PFOS (branched, brPFOS)",perfluoroalkane sulfonic acid,rabbit,yes,New Zealand White (INRA 1777 line),F,12,IV and oral fitted simultaneously,0.037-0.400,mg/kg,serum,bioavailability,1.0,fraction,,,,two-compartment NLME (population),assumed linear; authors state no dose-dependent kinetics over 37-32609x range between TK and chronic doses,"Table 4 (population secondary parameters, two-/three-compartment model)",CV of estimate 6.5%. peripheral compartment volume 0.049 L/kg; distribution clearance 0.027 L/kg/h; MRT 988 h; agrees with 0.08 mL/kg/h apparent CL from Tarazona 2016 low-dose repeated oral rabbit study
Gayrard 2021,2021,34786950,10.1289/EHP8957,"PFOS (branched, brPFOS)",perfluoroalkane sulfonic acid,rabbit,yes,New Zealand White (INRA 1777 line),F,12,IV and oral fitted simultaneously,0.037-0.400,mg/kg,serum,clearance,0.00019,L/kg/h,,,,two-compartment NLME (population),assumed linear; authors state no dose-dependent kinetics over 37-32609x range between TK and chronic doses,"Table 4 (population secondary parameters, two-/three-compartment model)",CV of estimate 8.6%. peripheral compartment volume 0.049 L/kg; distribution clearance 0.027 L/kg/h; MRT 988 h; agrees with 0.08 mL/kg/h apparent CL from Tarazona 2016 low-dose repeated oral rabbit study
Gayrard 2021,2021,34786950,10.1289/EHP8957,"PFOS (branched, brPFOS)",perfluoroalkane sulfonic acid,rabbit,yes,New Zealand White (INRA 1777 line),F,12,IV and oral fitted simultaneously,0.037-0.400,mg/kg,serum,Vd,0.19,L/kg,,,Vss,two-compartment NLME (population),assumed linear; authors state no dose-dependent kinetics over 37-32609x range between TK and chronic doses,"Table 4 (population secondary parameters, two-/three-compartment model)",CV of estimate 4.7%. peripheral compartment volume 0.049 L/kg; distribution clearance 0.027 L/kg/h; MRT 988 h; agrees with 0.08 mL/kg/h apparent CL from Tarazona 2016 low-dose repeated oral rabbit study
Gayrard 2021,2021,34786950,10.1289/EHP8957,"PFOS (branched, brPFOS)",perfluoroalkane sulfonic acid,rabbit,yes,New Zealand White (INRA 1777 line),F,12,IV and oral fitted simultaneously,0.037-0.400,mg/kg,serum,half-life,685,h,,,,two-compartment NLME (population),assumed linear; authors state no dose-dependent kinetics over 37-32609x range between TK and chronic doses,"Table 4 (population secondary parameters, two-/three-compartment model)",CV of estimate 11%. peripheral compartment volume 0.049 L/kg; distribution clearance 0.027 L/kg/h; MRT 988 h; agrees with 0.08 mL/kg/h apparent CL from Tarazona 2016 low-dose repeated oral rabbit study
