study,year,chemical,species,sex,n,parameter,value,units,ci_low,ci_high,source_table,citation,note
Wallis 2023,2023,Nafion byproduct 2,human,mixed (64% F),44,half-life,296,days,176,924,Abstract and Table 3,"Wallis DJ et al. 2023, Environ Sci Technol; GenX Exposure Study; papers/'Wallis 2023 half-lives fluoroethers Nafion byproduct exposed community.txt'","GenX Exposure Study, North Carolina; serum decay after source control"
Wallis 2023,2023,PFO4DA,human,mixed (64% F),44,half-life,127,days,86,243,Abstract and Table 3,"Wallis DJ et al. 2023, Environ Sci Technol; GenX Exposure Study; papers/'Wallis 2023 half-lives fluoroethers Nafion byproduct exposed community.txt'",The Results text repeats Nafion byproduct 2's CI (176-924) for this compound; the abstract's 86-243 is taken as correct
Wallis 2023,2023,PFO5DoA,human,mixed (64% F),44,half-life,379,days,199,3870,Abstract and Table 3,"Wallis DJ et al. 2023, Environ Sci Technol; GenX Exposure Study; papers/'Wallis 2023 half-lives fluoroethers Nafion byproduct exposed community.txt'",
Wallis 2023,2023,Nafion byproduct 2,human,mixed (64% F),44,elimination coefficient,-0.00234,ng/mL/day,,,Table 3,"Wallis DJ et al. 2023, Environ Sci Technol; GenX Exposure Study; papers/'Wallis 2023 half-lives fluoroethers Nafion byproduct exposed community.txt'",
Wallis 2023,2023,PFO4DA,human,mixed (64% F),44,elimination coefficient,-0.00546,ng/mL/day,,,Table 3,"Wallis DJ et al. 2023, Environ Sci Technol; GenX Exposure Study; papers/'Wallis 2023 half-lives fluoroethers Nafion byproduct exposed community.txt'",
Wallis 2023,2023,PFO5DoA,human,mixed (64% F),44,elimination coefficient,-0.00183,ng/mL/day,,,Table 3,"Wallis DJ et al. 2023, Environ Sci Technol; GenX Exposure Study; papers/'Wallis 2023 half-lives fluoroethers Nafion byproduct exposed community.txt'",
ECHA (as cited by Wallis 2023),2023,HFPO-DA (GenX),human,,,half-life,81,hours,,,"Wallis 2023 Results, citing ECHA",second-hand via Wallis 2023,Workers. Second-hand via Wallis; close to Abraham 2024's measured 2.86 d (68.6 h) in a labelled-dose volunteer
Cl-PFESA medaka depuration (abstract set),,6:2 Cl-PFESA (F-53B),marine medaka,,,half-life,18.50,days,,,abstract,"papers/'Cl-PFESA PFECHS OBS toxicokinetics rat zebrafish medaka minnow ABSTRACTS.txt' (abstracts only, primary not retrieved)","SD 1.67; 28-day exposure then 14-day depuration, lower concentration group"
Cl-PFESA medaka depuration (abstract set),,6:2 Cl-PFESA (F-53B),marine medaka,,,half-life,21.38,days,,,abstract,"papers/'Cl-PFESA PFECHS OBS toxicokinetics rat zebrafish medaka minnow ABSTRACTS.txt' (abstracts only, primary not retrieved)",SD 0.31; higher concentration group
Mondal 2014,2014,PFOA,human,Female,633,serum change per month of breastfeeding,-3,% per month,-5,-2,"Abstract, Results","Mondal D et al. 2014, Environ Health Perspect 122:187-192, doi:10.1289/ehp.1306613",C8 Science Panel; breastfeeding as a maternal excretion route
Mondal 2014,2014,PFOS,human,Female,633,serum change per month of breastfeeding,-3,% per month,-3,-2,"Abstract, Results","Mondal D et al. 2014, Environ Health Perspect 122:187-192, doi:10.1289/ehp.1306613",
Mondal 2014,2014,PFNA,human,Female,633,serum change per month of breastfeeding,-2,% per month,-2,-1,"Abstract, Results","Mondal D et al. 2014, Environ Health Perspect 122:187-192, doi:10.1289/ehp.1306613",
Mondal 2014,2014,PFHxS,human,Female,633,serum change per month of breastfeeding,-1,% per month,-2,0,"Abstract, Results","Mondal D et al. 2014, Environ Health Perspect 122:187-192, doi:10.1289/ehp.1306613",
Mondal 2014,2014,PFOA,human,infant,49,infant serum change per month breastfed,+6,% per month,1,10,Abstract,"Mondal D et al. 2014, Environ Health Perspect 122:187-192, doi:10.1289/ehp.1306613",The mother's excretion is the infant's dose
Mondal 2014,2014,PFOS,human,infant,49,infant serum change per month breastfed,+4,% per month,1,7,Abstract,"Mondal D et al. 2014, Environ Health Perspect 122:187-192, doi:10.1289/ehp.1306613",
