study,year,pmid,doi,chemical,species,strain,sex,n,vd,vd_units,vd_method_measured_fitted_assumed,vd_provenance_cited_from,clearance,clearance_units,halflife,halflife_units,model,serum_conc,serum_conc_units,source_table
Thompson et al.,2010,20236705,10.1016/j.envint.2010.02.008,PFOA,human,,both,,170,mL/kg,"CALIBRATED from steady-state mass balance: Vd = Dose*T1/2/(Css*ln2); drinking water 500 ng/L (Lubeck) and 3550 ng/L (Little Hocking); serum from Emmett 2006 (448 ng/mL Little Hocking; 68 ng/mL Lubeck); T1/2 assumed 2.3 y","Water conc from C8 region; serum from Emmett et al. 2006; T1/2 assumed 2.3 y. NOT a measured Vd.",,,2.3,y,1-compartment steady state,68-448,ng/mL,Thompson 2010 abstract; method reconstructed in OEHHA 2024 PHG sec 4.8 p.57
Thompson et al.,2010,20236705,10.1016/j.envint.2010.02.008,PFOS,human,,both,,230,mL/kg,"ASSUMED: PFOA value 170 x 1.35, the factor taken from Andersen et al. 2006 observation that optimized PFOS Vdc was 20-50% above PFOA Vdc","Derived from own PFOA 170 value x 1.35 from Andersen et al. 2006 monkey model. No PFOS data used.",,,5.4,y,1-compartment steady state,,,Thompson 2010 abstract; chain documented in OEHHA 2024 PHG sec 4.8 p.56
US EPA,2016,,,PFOA,human,,both,,170,mL/kg,ASSUMED (inherited),Thompson et al. 2010,0.000140,L/kg/d,2.3,y,1-compartment,,,US EPA 2016 PFOA Health Advisory; restated OEHHA 2024 PHG sec 4.8 p.56
US EPA,2016,,,PFOS,human,,both,,230,mL/kg,ASSUMED (inherited),Thompson et al. 2010 (= PFOA 170 x 1.35 from Andersen 2006),0.0000810,L/kg/d,5.4,y,1-compartment,,,US EPA 2016 PFOS Health Advisory; restated OEHHA 2024 PHG sec 4.8 p.56
US EPA,2024,,,PFOA,human,,both,,170,mL/kg,ASSUMED (inherited unchanged from 2016),Thompson et al. 2010a,0.120,mL/kg/d,2.7,y,1-compartment (Verner model update),,,EPA 2024 PFOA assessment Table 4-6
ATSDR,2021,,,PFOA,human,,both,,200,mL/kg,ASSUMED from monkey non-compartmental Vd,"Butenhoff et al. 2004c (monkey); Harada et al. 2005a",0.099,mL/kg/d (derived ln2*Vd/t1/2),1400,d,1-compartment first order,"applicable range 4.3-22 ng/mL (Olsen 2007a)",ng/mL,ATSDR 2021 Table A-4 and Table A-3
ATSDR,2021,,,PFOS,human,,both,,200,mL/kg,ASSUMED from monkey non-compartmental Vd,"Chang et al. 2012 (monkey 0.20 M / 0.27 F)",0.069,mL/kg/d (derived),2000,d,1-compartment first order,,,ATSDR 2021 Table A-4 and Table A-3
ATSDR,2021,,,PFHxS,human,,male,,287,mL/kg,ASSUMED from male monkey non-compartmental Vd,Sundstrom et al. 2012 male cynomolgus,0.064,mL/kg/d (derived),3100,d,1-compartment first order,16-1295 initial; 10-791 final,ng/mL,ATSDR 2021 Table A-4
ATSDR,2021,,,PFNA,human,,both,,200,mL/kg,"ASSUMED equal to PFOA, justified by Ohmori 2003 finding that rat Vss is similar across PFCAs",Ohmori et al. 2003 (rat) via assumption of PFOA equivalence,0.154,mL/kg/d (derived),900,d,1-compartment first order,,,ATSDR 2021 Table A-4 footnote e and p.A-13
Harada et al.,2005,16194675,10.1016/j.envres.2004.12.003,PFOA,human,,both,20,300,mL/kg,"ASSUMED/derived for a 1-compartment human model; renal clearances measured, Vd not independently measured","own model, applied to reported human half-lives",,,,,1-compartment,,,ATSDR 2021 Table A-3 (source Harada 2005a)
Harada et al.,2005,16194675,10.1016/j.envres.2004.12.003,PFOS,human,,both,20,300,mL/kg,ASSUMED/derived as above,own 1-compartment model,,,,,1-compartment,,,ATSDR 2021 Table A-3
Harada et al.,2003,,,PFOS,monkey (cynomolgus),,both,,300,mL/kg,"FITTED from a subchronic oral study, 1-compartment, steady-state assumption. OEHHA recomputation of the same inputs gives 541 mL/kg, and 1080 mL/kg if non-attainment of steady state is corrected for","Data from Seacat et al. 2002 (26-week monkey study)",,,200,d,1-compartment steady state,16000 and 80000,ng/mL (16 and 80 mg/L at 0.03 and 0.15 mg/kg/d),OEHHA 2024 PHG Table 4.8.1 row 1 and footnote a
Niisoe et al.,2010,,,PFOA,human,,both,,300,mL/kg,"COMPUTED from biliary mass balance assuming 0.88 biliary reabsorption efficiency and 3.5 y half-life","Harada et al. 2007b",,,3.5,y,mass balance,,,OEHHA 2024 PHG Table 4.8.1
Vestergren and Cousins,2009,,,PFOA,human,,both,,464-780,mL/kg,"COMPUTED from the 95% confidence band of a regression of human intake on serum concentration, steady-state assumption",own regression,,,,,1-compartment steady state,,,OEHHA 2024 PHG Table 4.8.1
OEHHA,2024,,,PFOA,human,,both,,225,mL/kg,"COMPUTED: Thompson 2010 method re-run with C8 Science Panel serum (Frisbee 2009: 227.58 ng/mL Little Hocking, 92.36 ng/mL Lubeck) instead of Emmett 2006; Little Hocking 335 and Lubeck 116 mL/kg, averaged","Frisbee et al. 2009 serum; Shin et al. 2011 water; T1/2 2.3 y assumed; fa 0.91; BW 71.8 kg",0.000186,L/kg/d (derived),2.3,y,1-compartment steady state,92.36-227.58,ng/mL,OEHHA 2024 PHG sec 4.8 p.57 (Updated PFOA Vd estimate)
OEHHA,2024,,,PFOS,human,,both,,693,mL/kg,"COMPUTED from the Ronneby Sweden drinking-water cohort: water 8000 ng/L, median serum 372 ng/mL in >=10-y residents, T1/2 3.4 y, fa 0.9, BW 70 kg","Li et al. 2018c; Silva et al. 2020",0.000600,L/kg/d,3.4,y,1-compartment steady state,372,ng/mL,OEHHA 2024 PHG sec 4.8 p.58 (Updated PFOS Vd and CL)
Chiu et al.,2022,,10.1289/EHP10103,PFOA,human,,male,,430,mL/kg,"FITTED (Bayesian hierarchical, 13 studies of serum decay)",own fit,0.095,mL/kg/d,3.14,y,1-compartment Bayesian,,,animal_pk.csv in ../species_dose (Chiu 2022 Table 3)
Chiu et al.,2022,,10.1289/EHP10103,PFOS,human,,male,,320,mL/kg,FITTED (Bayesian hierarchical),own fit,0.066,mL/kg/d,3.36,y,1-compartment Bayesian,,,animal_pk.csv in ../species_dose
Chiu et al.,2022,,10.1289/EHP10103,PFHxS,human,,male,,290,mL/kg,FITTED (Bayesian hierarchical),own fit,0.025,mL/kg/d,8.30,y,1-compartment Bayesian,,,"Chiu 2022 Table 3; note EPA repo auxiliary file miscodes t1/2 as 2.35 y (see ../species_dose/README.md)"
Chiu et al.,2022,,10.1289/EHP10103,PFNA,human,,male,,190,mL/kg,FITTED (Bayesian hierarchical),own fit,0.056,mL/kg/d,2.35,y,1-compartment Bayesian,,,animal_pk.csv in ../species_dose
Andersson et al.,2025,,,PFOA,human,,,,74,mL/kg,MEASURED (per ../literature/APPRAISAL.md sec 8; not re-verified in this pass),own measurement,,,,,,,../literature/APPRAISAL.md sec 8
Andersson et al.,2025,,,PFOS,human,,,,93,mL/kg,MEASURED (per APPRAISAL sec 8; not re-verified),own measurement,,,,,,,../literature/APPRAISAL.md sec 8
Gasiorowski et al. (derived by this review),2022,35394514,10.1001/jamanetworkopen.2022.6257,PFOS,human,,male (97.9%),95,288,mL/kg,"DERIVED BY THIS REVIEW from the plasma-donation arm as an independent mass balance: 9 x 800 mL = 7.2 L plasma removed; mean serum over the year ~10.2 ng/mL => ~73.4 ug removed; observed serum fall 2.9 ng/mL; BW assumed 88 kg (BMI 27.9). INFERENCE, not a published value.",Gasiorowski 2022 trial data; BW assumed,,,,,mass balance,baseline 11.7 (SD 20.1),ng/mL,Gasiorowski 2022 Table (baseline) and Methods (donation volumes)
Gasiorowski et al. (derived by this review),2022,35394514,10.1001/jamanetworkopen.2022.6257,PFOS,human,,male (97.9%),95,126,mL/kg,"DERIVED BY THIS REVIEW from the whole-blood arm: 5 x 470 mL = 2.35 L blood; whole-blood PFOS taken as serum/2 per the authors' statement; ~12.2 ug removed; observed serum fall 1.1 ng/mL; BW assumed 88 kg. INFERENCE.",Gasiorowski 2022 trial data; BW and blood:serum ratio assumed,,,,,mass balance,baseline 10.9 (SD 8.3),ng/mL,Gasiorowski 2022 Table and Methods
Butenhoff et al.,2004,,,PFOA,monkey (cynomolgus),,male,,181,mL/kg,MEASURED/FITTED - single IV dose 10 mg/kg, non-compartmental, Vd = Dose*AUMC/AUC^2,own study,12.4,mL/d/kg (SD 7.4),,,non-compartmental,,,OEHHA 2024 PHG Table 4.8.1; CL from ATSDR 2021 Table 3-6
Butenhoff et al.,2004,,,PFOA,monkey (cynomolgus),,female,,198,mL/kg,MEASURED/FITTED - single IV 10 mg/kg non-compartmental,own study,5.3,mL/d/kg (SD 3.3),,,non-compartmental,,,OEHHA 2024 PHG Table 4.8.1; ATSDR 2021 Table 3-6
Washburn et al.,2005,,,PFOA,monkey (cynomolgus),,male,,1810-5210,mL/kg,"COMPUTED from subchronic oral steady-state data, 1-compartment: Vd = Dose/(ke*Css)","Noker (unpublished); Butenhoff et al. 2002",,,,,1-compartment steady state,81000-156000,ng/mL (81-156 ug/mL),OEHHA 2024 PHG Table 4.8.1
Washburn et al.,2005,,,PFOA,monkey (cynomolgus),,female,,2460-6340,mL/kg,COMPUTED from subchronic oral steady state,"Noker (unpublished); Butenhoff et al. 2002",,,,,1-compartment steady state,,,OEHHA 2024 PHG Table 4.8.1
Washburn et al.,2005,,,PFOA,monkey (cynomolgus),,male,,1260-3730,mL/kg,COMPUTED from subchronic oral steady state,Butenhoff et al. 2002,,,,,1-compartment steady state,,,OEHHA 2024 PHG Table 4.8.1
Washburn et al.,2005,,,PFOA,rat,,male,,270,mL/kg,COMPUTED steady state,Butenhoff et al. 2004b,,,,,1-compartment steady state,,,OEHHA 2024 PHG Table 4.8.1
Washburn et al.,2005,,,PFOA,rat,,female,,430,mL/kg,COMPUTED steady state,Butenhoff et al. 2004b,,,,,1-compartment steady state,,,OEHHA 2024 PHG Table 4.8.1
Washburn et al.,2005,,,PFOA,rat,,male,,100-550,mL/kg,COMPUTED steady state,"Palazzolo 1993 (unpublished)",,,,,1-compartment steady state,,,OEHHA 2024 PHG Table 4.8.1
Vestergren and Cousins,2009,,,PFOA,monkey (rhesus),,both,,1480-4470,mL/kg,"COMPUTED from a 90-day subchronic oral study, steady state, T1/2 assumed 25 d",Griffith and Long 1980,,,25,d,1-compartment steady state,,,OEHHA 2024 PHG Table 4.8.1
Vestergren and Cousins,2009,,,PFOA,monkey (cynomolgus),,both,,1300-4470,mL/kg,"COMPUTED from the 6-month subchronic oral arm of Butenhoff 2004a, steady state, T1/2 25 d. The same paper's single-dose Vd was 181-198 mL/kg - a 7-23x discrepancy within one study.",Butenhoff et al. 2004a,,,25,d,1-compartment steady state,"81000 +/- 40000, 99000 +/- 50000, 156000 +/- 103000 at 3, 10, 20 mg/kg/d",ng/mL,OEHHA 2024 PHG Table 4.8.1 and p.57
Kemper et al.,2003,,,PFOA,rat,Sprague-Dawley,both,,211-264,mL/kg,MEASURED/FITTED - single IV or oral dose, non-compartmental,"unpublished DuPont study; value as reported in Vestergren and Cousins 2009",,,,,non-compartmental,,,OEHHA 2024 PHG Table 4.8.1
Ohmori et al.,2003,12499116,10.1016/s0300-483x(02)00573-5,PFOA,rat,Wistar,male,,196,mL/kg,MEASURED/FITTED - single IV dose 20.1 mg/kg, 2-compartment fit (Vss),own study,135,mL/d/kg (SD 29),5.63,d,2-compartment,,,OEHHA 2024 PHG Table 4.8.1 (Vd); ATSDR 2021 Table 3-6 (CL)
Ohmori et al.,2003,12499116,10.1016/s0300-483x(02)00573-5,PFOA,rat,Wistar,female,,201,mL/kg,MEASURED/FITTED - single IV 20.1 mg/kg 2-compartment (Vss),own study,2233,mL/d/kg (SD 805),0.08,d,2-compartment,,,OEHHA 2024 PHG Table 4.8.1; ATSDR 2021 Table 3-6
Ohmori et al.,2003,12499116,10.1016/s0300-483x(02)00573-5,PFHpA,rat,Wistar,male,,"not separately reported; authors state Vss similar across PFCAs and sexes",mL/kg,MEASURED/FITTED,own study,1604,mL/d/kg (SD 558),0.10,d,2-compartment,,,ATSDR 2021 Table 3-6; Ohmori 2003 abstract
Ohmori et al.,2003,12499116,10.1016/s0300-483x(02)00573-5,PFHpA,rat,Wistar,female,,,mL/kg,MEASURED/FITTED,own study,3071,mL/d/kg (SD 781),0.05,d,2-compartment,,,ATSDR 2021 Table 3-6
Ohmori et al.,2003,12499116,10.1016/s0300-483x(02)00573-5,PFNA,rat,Wistar,male,,,mL/kg,MEASURED/FITTED,own study,6.9,mL/d/kg (SD 0.6),29.5,d,2-compartment,,,ATSDR 2021 Table 3-6
Ohmori et al.,2003,12499116,10.1016/s0300-483x(02)00573-5,PFNA,rat,Wistar,female,,,mL/kg,MEASURED/FITTED,own study,106,mL/d/kg (SD 31),2.44,d,2-compartment,,,ATSDR 2021 Table 3-6
Ohmori et al.,2003,12499116,10.1016/s0300-483x(02)00573-5,PFDA,rat,Wistar,male,,,mL/kg,MEASURED/FITTED,own study,207,mL/d/kg,39.9,d,2-compartment,,,"ATSDR 2021 Table 3-6 (note: ATSDR prints 207 with SD 0.054, implausible - likely a unit error in the profile)"
Ohmori et al.,2003,12499116,10.1016/s0300-483x(02)00573-5,PFDA,rat,Wistar,female,,,mL/kg,MEASURED/FITTED,own study,140,mL/d/kg,58.6,d,2-compartment,,,ATSDR 2021 Table 3-6 (same caveat)
Chang et al.,2012,21889587,10.1016/j.reprotox.2011.07.002,PFOS,rat,Sprague-Dawley (jugular-cannulated),male,,649-765,mL/kg,MEASURED/FITTED - single oral or IV dose, non-compartmental Vd = Dose*AUMC/AUC^2,own study,11.3 (2 mg/kg) to 4.9 (15 mg/kg),mL/d/kg,,,non-compartmental,,,OEHHA 2024 PHG Table 4.8.1 (Vd); ATSDR 2021 Table 3-6 (CL)
Chang et al.,2012,21889587,10.1016/j.reprotox.2011.07.002,PFOS,rat,Sprague-Dawley (jugular-cannulated),female,,521-586,mL/kg,MEASURED/FITTED non-compartmental,own study,22.2 (2 mg/kg) to 5.4 (15 mg/kg),mL/d/kg,,,non-compartmental,,,OEHHA 2024 PHG Table 4.8.1; ATSDR 2021 Table 3-6
Chang et al.,2012,21889587,10.1016/j.reprotox.2011.07.002,PFOS,rat,Sprague-Dawley,male,,666-1228,mL/kg,MEASURED/FITTED - single oral dose with long follow-up, non-compartmental,own study,,,38,d,non-compartmental,,,OEHHA 2024 PHG Table 4.8.1
Chang et al.,2012,21889587,10.1016/j.reprotox.2011.07.002,PFOS,rat,Sprague-Dawley,female,,468-484,mL/kg,MEASURED/FITTED long follow-up non-compartmental,own study,,,62,d,non-compartmental,,,OEHHA 2024 PHG Table 4.8.1
Chang et al.,2012,21889587,10.1016/j.reprotox.2011.07.002,PFOS,mouse,CD-1,male,,263-290,mL/kg,MEASURED/FITTED non-compartmental,own study,4.7 (at both 1 and 20 mg/kg),mL/d/kg,,,non-compartmental,,,OEHHA 2024 PHG Table 4.8.1; ATSDR 2021 Table 3-6
Chang et al.,2012,21889587,10.1016/j.reprotox.2011.07.002,PFOS,mouse,CD-1,female,,258-261,mL/kg,MEASURED/FITTED non-compartmental,own study,5.0 (1 mg/kg) and 6.0 (20 mg/kg),mL/d/kg,,,non-compartmental,,,OEHHA 2024 PHG Table 4.8.1; ATSDR 2021 Table 3-6
Chang et al.,2012,21889587,10.1016/j.reprotox.2011.07.002,PFOS,monkey (cynomolgus),,male,,202,mL/kg,MEASURED/FITTED - single IV 2 mg/kg non-compartmental,own study,1.10,mL/d/kg (SE 0.06),,,non-compartmental,,,OEHHA 2024 PHG Table 4.8.1; ATSDR 2021 Table 3-6
Chang et al.,2012,21889587,10.1016/j.reprotox.2011.07.002,PFOS,monkey (cynomolgus),,female,,274,mL/kg,MEASURED/FITTED single IV 2 mg/kg,own study,1.65,mL/d/kg (SE 0.04),,,non-compartmental,,,OEHHA 2024 PHG Table 4.8.1; ATSDR 2021 Table 3-6
Sundstrom et al.,2012,21856411,10.1016/j.reprotox.2011.07.004,PFHxS,monkey (cynomolgus),,male,,287,mL/kg,MEASURED/FITTED - single IV 10 mg/kg non-compartmental,own study,1.3,mL/d/kg (SE 0.1),~4 months,,non-compartmental,,,ATSDR 2021 p.A-13 and Table 3-6
Sundstrom et al.,2012,21856411,10.1016/j.reprotox.2011.07.004,PFHxS,monkey (cynomolgus),,female,,213,mL/kg,MEASURED/FITTED single IV 10 mg/kg,own study,1.9,mL/d/kg (SE 0.4),~4 months,,non-compartmental,,,ATSDR 2021 p.A-13 and Table 3-6
Sundstrom et al.,2012,21856411,10.1016/j.reprotox.2011.07.004,PFHxS,rat,Sprague-Dawley,male,,,,,,6.7,mL/d/kg (SE 0.06),27,d,non-compartmental,,,ATSDR 2021 Table 3-6
Sundstrom et al.,2012,21856411,10.1016/j.reprotox.2011.07.004,PFHxS,rat,Sprague-Dawley,female,,,,,,53.4,mL/d/kg (SE 4.38),~2,d,non-compartmental,,,ATSDR 2021 Table 3-6
Sundstrom et al.,2012,21856411,10.1016/j.reprotox.2011.07.004,PFHxS,mouse,CD-1,male,,,,,,2.9 (1 mg/kg) and 4.8 (20 mg/kg),mL/d/kg,~1 month,,non-compartmental,,,ATSDR 2021 Table 3-6
Sundstrom et al.,2012,21856411,10.1016/j.reprotox.2011.07.004,PFHxS,mouse,CD-1,female,,,,,,2.7 (1 mg/kg) and 3.8 (20 mg/kg),mL/d/kg,~1 month,,non-compartmental,,,ATSDR 2021 Table 3-6
Fujii et al.,2015,,,PFOA,mouse,FVB/NJcl,male,,180,mL/kg,MEASURED/FITTED - single IV 0.31 umol/kg, 2-compartment, Vd = Dose/C(0),own study,14.2,mL/d/kg (SD 8.4) IV; 13.1 oral,,,2-compartment,,,OEHHA 2024 PHG Table 4.8.1; ATSDR 2021 Table 3-6
Fujii et al.,2015,,,PFOA,mouse,FVB/NJcl,female,,150,mL/kg,MEASURED/FITTED single IV 2-compartment,own study,11.8,mL/d/kg (SD 6.1) IV; 9.0 oral,,,2-compartment,,,OEHHA 2024 PHG Table 4.8.1; ATSDR 2021 Table 3-6
Fujii et al.,2015,,,PFOA,human,,both,,200,mL/kg,ASSUMED (to back out a biliary reabsorption fraction of 0.98),"assigned; used with an assumed 3.8 y serum half-life",0.096,mL/kg/d (total; urinary 0.044, biliary 2.62, fecal 0.052),3.8,y,mass balance,,,EPA 2024 PFOA assessment sec 3.3.1.4.1
Kim et al.,2016,,,PFOA,rat,Sprague-Dawley,male,,112,mL/kg,MEASURED/FITTED - single IV, Vd = Dose*AUMC/AUC^2,own study,47.39,mL/d/kg (SD 3.40) IV; 40.40 oral,,,non-compartmental,,,OEHHA 2024 PHG Table 4.8.1; ATSDR 2021 Table 3-6
Kim et al.,2016,,,PFOA,rat,Sprague-Dawley,female,,171,mL/kg,MEASURED/FITTED single IV non-compartmental,own study,612.84,mL/d/kg (SD 32.54) IV; 645.12 oral,,,non-compartmental,,,OEHHA 2024 PHG Table 4.8.1; ATSDR 2021 Table 3-6
Kim et al.,2016,,,PFOA,rat,Sprague-Dawley,male,,106,mL/kg,MEASURED/FITTED single oral dose non-compartmental,own study,40.40,mL/d/kg (SD 2.29),,,non-compartmental,,,OEHHA 2024 PHG Table 4.8.1
Kim et al.,2016,,,PFOA,rat,Sprague-Dawley,female,,154,mL/kg,MEASURED/FITTED single oral non-compartmental,own study,645.12,mL/d/kg (SD 43.44),,,non-compartmental,,,OEHHA 2024 PHG Table 4.8.1
Kim et al.,2016,,,PFOS,rat,Sprague-Dawley,male,,383,mL/kg,MEASURED/FITTED single IV non-compartmental,own study,9.24,mL/d/kg (SD 0.37),,,non-compartmental,,,OEHHA 2024 PHG Table 4.8.1; ATSDR 2021 Table 3-6
Kim et al.,2016,,,PFOS,rat,Sprague-Dawley,female,,351,mL/kg,MEASURED/FITTED single IV non-compartmental,own study,9.82,mL/d/kg (SD 0.21),,,non-compartmental,,,OEHHA 2024 PHG Table 4.8.1; ATSDR 2021 Table 3-6
Kim et al.,2016,,,PFOS,rat,Sprague-Dawley,male,,280,mL/kg,MEASURED/FITTED single oral non-compartmental,own study,7.33,mL/d/kg (SD 0.55),,,non-compartmental,,,OEHHA 2024 PHG Table 4.8.1; ATSDR 2021 Table 3-6
Kim et al.,2016,,,PFOS,rat,Sprague-Dawley,female,,289,mL/kg,MEASURED/FITTED single oral non-compartmental,own study,8.52,mL/d/kg (SD 0.37),,,non-compartmental,,,OEHHA 2024 PHG Table 4.8.1; ATSDR 2021 Table 3-6
Kim et al.,2016,,,PFHxS,rat,Sprague-Dawley,male,,,,,,9.01,mL/d/kg (SD 0.05) IV; 7.15 oral; renal CL 0.76,,,non-compartmental,,,ATSDR 2021 Table 3-6; EPA 2023 PFHxA IRIS sec 5.2.1
Kim et al.,2016,,,PFHxS,rat,Sprague-Dawley,female,,,,,,227.93,mL/d/kg (SD 6.73) IV; 124.83 oral,,,non-compartmental,,,ATSDR 2021 Table 3-6
Iwabuchi et al.,2017,,,PFOA,rat,,male,,150,mL/kg,"MEASURED/FITTED - single oral dose, Vd = Dose/(AUC*ke), ke from first-order fit",own study,,,,,1-compartment,,,OEHHA 2024 PHG Table 4.8.1
Iwabuchi et al.,2017,,,PFOS,rat,,male,,960,mL/kg,MEASURED/FITTED single oral dose as above,own study,,,,,1-compartment,,,OEHHA 2024 PHG Table 4.8.1
Huang et al. (NTP),2019,31334035,10.1016/j.toxrep.2019.06.016,PFOS,rat,Hsd:Sprague Dawley,male,3/timepoint,681,mL/kg (V1 417 + V2 264),MEASURED/FITTED - single IV 2 mg/kg 2-compartment WinNonlin,own study,13.1,mL/d/kg (0.546 mL/h/kg),39.7 (beta); 22.0 (k10),d,2-compartment,Cmax 0.01 mM = 5000 ng/mL,ng/mL,Huang 2019 Table 4 (IV column)
Huang et al. (NTP),2019,31334035,10.1016/j.toxrep.2019.06.016,PFOS,rat,Hsd:Sprague Dawley,female,3/timepoint,421,mL/kg (V1 297 + V2 124),MEASURED/FITTED single IV 2 mg/kg 2-compartment,own study,8.95,mL/d/kg (0.373 mL/h/kg),32.8 (beta); 23.0 (k10),d,2-compartment,Cmax 0.01 mM,,Huang 2019 Table 4
Huang et al. (NTP),2019,31334035,10.1016/j.toxrep.2019.06.016,PFHxS,rat,Hsd:Sprague Dawley,male,3/timepoint,224,mL/kg (V1 88.4 + V2 136),MEASURED/FITTED single IV 4 mg/kg 2-compartment,own study,4.73,mL/d/kg (0.197 mL/h/kg),33.8 (beta); 13.0 (k10),d,2-compartment,Cmax 0.11 mM = 44000 ng/mL,,Huang 2019 Table 3 (IV column)
Huang et al. (NTP),2019,31334035,10.1016/j.toxrep.2019.06.016,PFHxS,rat,Hsd:Sprague Dawley,female,3/timepoint,144,mL/kg (V1 66.3 + V2 77.6),MEASURED/FITTED single IV 4 mg/kg 2-compartment,own study,65.5,mL/d/kg (2.73 mL/h/kg),1.56 (beta); 0.70 (k10),d,2-compartment,Cmax 0.15 mM,,Huang 2019 Table 3
Huang et al. (NTP),2019,31334035,10.1016/j.toxrep.2019.06.016,PFBS,rat,Hsd:Sprague Dawley,male,3/timepoint,188,mL/kg (V1 113 + V2 74.8),MEASURED/FITTED single IV 4 mg/kg 2-compartment,own study,828,mL/d/kg (34.5 mL/h/kg),4.22 (beta); 2.26 (k10),h,2-compartment,Cmax 0.118 mM = 35000 ng/mL,,Huang 2019 Table 2 (IV column)
Huang et al. (NTP),2019,31334035,10.1016/j.toxrep.2019.06.016,PFBS,rat,Hsd:Sprague Dawley,female,3/timepoint,165,mL/kg (V1 123 + V2 42),MEASURED/FITTED single IV 4 mg/kg 2-compartment,own study,6048,mL/d/kg (252 mL/h/kg),0.95 (beta); 0.36 (k10),h,2-compartment,Cmax 0.104 mM,,Huang 2019 Table 2
Dzierlenga et al. (NTP),2020,31680603,10.1080/00498254.2019.1683776,PFOA,rat,Hsd:Sprague Dawley,male,,153,mL/kg,MEASURED/FITTED single IV 2-compartment (sum of central and peripheral),own study,9-16,mL/kg/d (depending on dose and route),215,h,2-compartment,,,OEHHA 2024 PHG Table 4.8.1 and footnote c; CL from EPA 2023 PFHxA IRIS sec 5.2.1
Dzierlenga et al. (NTP),2020,31680603,10.1080/00498254.2019.1683776,PFOA,rat,Hsd:Sprague Dawley,female,,207,mL/kg,MEASURED/FITTED single IV 2-compartment (central + peripheral),own study,,,2.75,h,2-compartment,,,OEHHA 2024 PHG Table 4.8.1
Dzierlenga et al. (NTP),2020,31680603,10.1080/00498254.2019.1683776,PFOA,rat,Hsd:Sprague Dawley,male,,154-202,mL/kg,MEASURED/FITTED single oral dose 1-compartment,own study,,,,,1-compartment,,,OEHHA 2024 PHG Table 4.8.1
Dzierlenga et al. (NTP),2020,31680603,10.1080/00498254.2019.1683776,PFOA,rat,Hsd:Sprague Dawley,female,,79.2-342,mL/kg,MEASURED/FITTED single oral dose 2-compartment (central + peripheral),own study,,,,,2-compartment,,,OEHHA 2024 PHG Table 4.8.1
Dzierlenga et al. (NTP),2020,31680603,10.1080/00498254.2019.1683776,PFHxA,rat,Hsd:Sprague Dawley,male,,5200,"mL/kg (Vd,beta = CL/beta)","COMPUTED by EPA from the published IV data; EPA notes this IV-derived value is an outlier against 900-1700 mL/kg from every other PFHxA experiment",EPA recalculation of Dzierlenga 2019 IV data,,,9,h,2-compartment,,,EPA 2023 PFHxA IRIS sec 5.2.1 p.5-12
Dzierlenga et al. (NTP),2020,31680603,10.1080/00498254.2019.1683776,PFHxA,rat,Hsd:Sprague Dawley,female,,18700,"mL/kg (Vd,beta)",COMPUTED by EPA from the published IV data; flagged by EPA as an outlier,EPA recalculation,,,2,h,2-compartment,,,EPA 2023 PFHxA IRIS sec 5.2.1 p.5-12
Huang et al. (NTP),2019,31516843,10.1016/j.toxrep.2019.08.009,PFOA (as 8:2-FTOH metabolite),rat,Hsd:Sprague Dawley,male,,,,,,,,198-353,h,,,,Huang 2019 Toxicol Rep 6:924 abstract
Huang et al. (NTP),2019,31516843,10.1016/j.toxrep.2019.08.009,PFOA (as 8:2-FTOH metabolite),rat,Hsd:Sprague Dawley,female,,,,,,,,4.47-6.9,h,,,,Huang 2019 Toxicol Rep 6:924 abstract
US EPA (PFHxA IRIS),2023,,,PFHxA,rat,,both,,1360,mL/kg,"COMPUTED (Vd,beta = CL/beta) by EPA, averaged over all non-IV experiments; male 1370 and female 1350, indistinguishable",EPA recalculation of Gannon 2011, Chengelis 2009a, Iwabuchi 2017, Dzierlenga 2019,,,,,2-compartment,,,EPA 2023 PFHxA IRIS sec 5.2.1 p.5-12 and Table 5-3
US EPA (PFHxA IRIS),2023,,,PFHxA,mouse,,male,,750,mL/kg,"COMPUTED (Vd,beta) by EPA",Gannon et al. 2011,,,,,2-compartment,,,EPA 2023 PFHxA IRIS sec 5.2.1 p.5-13
US EPA (PFHxA IRIS),2023,,,PFHxA,mouse,,female,,780,mL/kg,COMPUTED (Vd,beta) by EPA,Gannon et al. 2011,,,,,2-compartment,,,EPA 2023 PFHxA IRIS sec 5.2.1 p.5-13
Chengelis et al.,2009,,,PFHxA,monkey (cynomolgus),,male,3,990,mL/kg (SD 580; range 390-1500),MEASURED/FITTED,own study,569,mL/d/kg,,,non-compartmental,,,EPA 2023 PFHxA IRIS sec 5.2.1 p.5-13; ATSDR 2021 Table 3-6
Chengelis et al.,2009,,,PFHxA,monkey (cynomolgus),,female,3,470,mL/kg (SD 350; range 230-870),MEASURED/FITTED,own study,535,mL/d/kg,,,non-compartmental,,,EPA 2023 PFHxA IRIS sec 5.2.1 p.5-13; ATSDR 2021 Table 3-6
Chengelis et al.,2009,,,PFHxA,rat,Sprague-Dawley,male,,930,mL/kg (Vd beta, IV),MEASURED/FITTED IV,own study,2784,mL/d/kg,,,non-compartmental,,,EPA 2023 PFHxA IRIS sec 5.2.1; ATSDR 2021 Table 3-6
Chengelis et al.,2009,,,PFHxA,rat,Sprague-Dawley,female,,930,mL/kg (Vd beta, IV),MEASURED/FITTED IV,own study,18600,mL/d/kg,,,non-compartmental,,,EPA 2023 PFHxA IRIS sec 5.2.1; ATSDR 2021 Table 3-6
Chengelis et al.,2009,,,PFBS,rat,Sprague-Dawley,male,,,,,,946,mL/d/kg,,,non-compartmental,,,ATSDR 2021 Table 3-6
Chengelis et al.,2009,,,PFBS,rat,Sprague-Dawley,female,,,,,,7464,mL/d/kg,,,non-compartmental,,,ATSDR 2021 Table 3-6
Chengelis et al.,2009,,,PFBS,monkey (cynomolgus),,male,,,,,,159,mL/d/kg,,,non-compartmental,,,ATSDR 2021 Table 3-6
Chengelis et al.,2009,,,PFBS,monkey (cynomolgus),,female,,,,,,238,mL/d/kg,,,non-compartmental,,,ATSDR 2021 Table 3-6
Olsen et al.,2009,,,PFBS,monkey (cynomolgus),,male,,,,,,12264,mL/d/kg (SE 3384),,,non-compartmental,,,"ATSDR 2021 Table 3-6; note 77x discrepancy with Chengelis 2009a at the same 10 mg/kg IV dose"
Olsen et al.,2009,,,PFBS,monkey (cynomolgus),,female,,,,,,8832,mL/d/kg (SE 2880),,,non-compartmental,,,ATSDR 2021 Table 3-6
Olsen et al.,2009,,,PFBS,rat,Sprague-Dawley,male,,,,,,2856,mL/d/kg (SE 816),,,non-compartmental,,,ATSDR 2021 Table 3-6
Olsen et al.,2009,,,PFBS,rat,Sprague-Dawley,female,,,,,,11265,mL/d/kg (SE 960),,,non-compartmental,,,ATSDR 2021 Table 3-6
Chang et al.,2008,,,PFBA,rat,Sprague-Dawley,male,,,,,,851,mL/d/kg (SE 61) IV; 494 oral,,,1-compartment,,,ATSDR 2021 Table 3-6
Chang et al.,2008,,,PFBA,rat,Sprague-Dawley,female,,,,,,2949,mL/d/kg (SE 59) IV; 1527 oral,,,1-compartment,,,ATSDR 2021 Table 3-6
Chang et al.,2008,,,PFBA,monkey (cynomolgus),,male,,,,,,2371,mL/d/kg (SE 293),,,1-compartment,,,ATSDR 2021 Table 3-6
Chang et al.,2008,,,PFBA,monkey (cynomolgus),,female,,,,,,1075,mL/d/kg (SE 91),,,1-compartment,,,ATSDR 2021 Table 3-6
Kudo et al.,2002,,,PFOA,rat,Wistar,male,,,,,,50.4,mL/d/kg (SD 14.4),,,,,,ATSDR 2021 Table 3-6
Kudo et al.,2002,,,PFOA,rat,Wistar,female,,,,,,2233,mL/d/kg (SD 805),,,,,,ATSDR 2021 Table 3-6
Huang et al.,2019,31334035,10.1016/j.toxrep.2019.06.016,PFOS,rat,Hsd:Sprague Dawley,male,,299,mL/kg (V1 176 + V2 123),MEASURED/FITTED - repeat gavage 2 mg/kg/d x 5 d 2-compartment,own study,1.63,mL/d/kg (0.068 mL/h/kg),33.4 (beta),d,2-compartment,Cmax 0.11 mM = 55000 ng/mL,,Huang 2019 Table 4 (2 x5 column)
Huang et al.,2019,31334035,10.1016/j.toxrep.2019.06.016,PFOS,rat,Hsd:Sprague Dawley,female,,222,mL/kg (V1 136 + V2 86.3),MEASURED/FITTED repeat gavage 2 mg/kg/d x 5 d,own study,1.08,mL/d/kg (0.045 mL/h/kg),40.0 (beta),d,2-compartment,Cmax 0.14 mM,,Huang 2019 Table 4
Andersen et al. (OEHHA recalculation),2006,,,PFOA,monkey (cynomolgus),,both,,"140 (Vdc); 4620 (Vdt, OEHHA-derived); 4800 (total, OEHHA-derived)",mL/kg,"FITTED (Vdc, k12 3.3/h, k21 0.1/h optimized by Andersen); Vdt and total DERIVED BY OEHHA as Vdt = k12*Vdc/k21 per Wambaugh 2013. OEHHA labels these total values less reliable than directly measured Vd.","Butenhoff et al. 2002, 2004a; Seacat et al. 2002",,,,,"2-compartment + saturable renal resorption loop",,,OEHHA 2024 PHG Table 4.8.2
Andersen et al. (OEHHA recalculation),2006,,,PFOS,monkey (cynomolgus),,both,,"220 (Vdc); 7260 (Vdt, OEHHA-derived); 7500 (total, OEHHA-derived)",mL/kg,FITTED Vdc; Vdt and total derived by OEHHA,"Butenhoff et al. 2002; Seacat et al. 2002",,,,,2-compartment + saturable renal resorption,,,OEHHA 2024 PHG Table 4.8.2
Wambaugh et al.,2013,,,PFOA,mouse,CD-1,female,,"180 (Vcc); total = Vcc*(1+RV2:V21) = 373",mL/kg,"FITTED (Bayesian MCMC); total Vd computed here from Vcc and the reported ratio RV2:V21 = 1.07 (INFERENCE)",Lou et al. 2009 datasets,,,,,"2-compartment + saturable renal resorption (Tmaxc 4.91 umol/h, KT 0.037 umol, free fraction 0.011)",,,EPA 2024 PFOA assessment Table 4-3
Wambaugh et al.,2013,,,PFOA,mouse,C57BL/6,female,,"170 (Vcc); total = 9180 using RV2:V21 = 53",mL/kg,FITTED; total computed here (INFERENCE),DeWitt et al. 2008 datasets,,,,,"2-cmpt + saturable resorption (Tmaxc 2.7 umol/h, KT 0.12 umol, free fraction 0.034)",,,EPA 2024 PFOA assessment Table 4-3
Wambaugh et al.,2013,,,PFOA,rat,Sprague-Dawley,female,,"140 (Vcc); total = 1430 using RV2:V21 = 9.2",mL/kg,FITTED; total computed here (INFERENCE),Kemper 2003 (unpublished),,,,,"2-cmpt + saturable resorption (Tmaxc 1.1 umol/h, KT 1.1 umol, free fraction 0.086)",,,EPA 2024 PFOA assessment Table 4-3
Wambaugh et al.,2013,,,PFOA,rat,Sprague-Dawley,male,,"150 (Vcc); total = 1410 using RV2:V21 = 8.4",mL/kg,FITTED; total computed here (INFERENCE),Kemper 2003 (unpublished),,,,,"2-cmpt + saturable resorption (Tmaxc 190 umol/h, KT 0.092 umol, free fraction 0.08)",,,EPA 2024 PFOA assessment Table 4-3
Wambaugh et al.,2013,,,PFOA,monkey (cynomolgus),,both pooled,,"400 (Vcc); total = 792 using RV2:V21 = 0.98",mL/kg,FITTED; total computed here (INFERENCE),Butenhoff et al. 2004b,,,,,"2-cmpt + saturable resorption (Tmaxc 3.9 umol/h, KT 0.043 umol, free fraction 0.01)",,,EPA 2024 PFOA assessment Table 4-3
Loccisano et al.,2011,,,PFOA,human,,both,,"not reported as a Vd; model is PBPK with tissue:plasma partition coefficients derived from RODENTS and the same values used for monkey and human",,"ASSUMED (rodent partition coefficients transferred to monkey and human). Tm for renal resorption was SET to reproduce a target human half-life of 2.3 y (Bartell 2010) or 3.8 y (Olsen 2007a); KT taken from the monkey fit.","Rodent partition coefficients; human Tm back-calculated from an assumed human half-life - circular for any use that then reads a half-life out of the model",,,2.3 or 3.8 (imposed),y,PBPK with saturable renal resorption,,,ATSDR 2021 sec 3.1.5.2
Loccisano et al.,2011,,,PFOS,human,,both,,as above,,"ASSUMED; Tm set to reproduce a 5.4 y human half-life (Olsen 2007a); KT from monkey",as above,,,5.4 (imposed),y,PBPK with saturable renal resorption,,,ATSDR 2021 sec 3.1.5.2
Loccisano et al.,2012,,,PFOA,rat,,female,,"no lumped Vd; free fraction in plasma ASSUMED 4.5%",,"FITTED/ASSUMED (free fraction optimized to plasma and urine kinetics, not measured)",own optimization,,,,,PBPK; Tm/KT = 0.045,,,ATSDR 2021 sec 3.1.5.1
Loccisano et al.,2012,,,PFOA,rat,,male,,"free fraction ASSUMED 0.6%",,FITTED/ASSUMED (optimized),own optimization,,,,,PBPK; Tm/KT = 4.1 (91x the female value),,,ATSDR 2021 sec 3.1.5.1
Loccisano et al.,2012,,,PFOS,rat,,both,,"free fraction TIME-DEPENDENT, from 2.2% falling to 0.1% with a 14 h half-time in a 0.25 kg rat; no mechanistic basis given",,FITTED/ASSUMED,"own optimization; structure from Tan et al. 2008",,,,,PBPK; Tm/KT = 7.2 (same in both sexes),,,ATSDR 2021 sec 3.1.5.1
Kim et al.,2018,,,PFHxS,rat,,female,,"no lumped Vd; free fraction MEASURED 0.069% by ultrafiltration; highest partition coefficient liver ~0.065 (half the male value)",,MEASURED (free fraction, partition coefficients from 14-day tissue:plasma ratios after 0.5-10 mg/kg IV),own study,,,,,PBPK; Tm/KT = 0.057,,,ATSDR 2021 sec 3.1.5.9
Kim et al.,2018,,,PFHxS,rat,,male,,"free fraction MEASURED 0.076%; liver partition coefficient ~0.13 (highest of any tissue)",,MEASURED,own study,,,,,PBPK; Tm/KT = 5.2 (91x the female value),,,ATSDR 2021 sec 3.1.5.9
Kim et al.,2018,,,PFHxS,human,,female,,"free fraction MEASURED 0.023% by ultrafiltration; Tm and KT ASSUMED equal to rat values",,"MEASURED (free fraction); ASSUMED (Tm, KT, partition coefficients transferred from rat)",rat Tm and KT,,,,,PBPK; human model not evaluated by the authors,,,ATSDR 2021 sec 3.1.5.9
Kim et al.,2018,,,PFHxS,human,,male,,free fraction MEASURED 0.025%; Tm and KT ASSUMED equal to rat,,MEASURED (free fraction); ASSUMED (transport),rat Tm and KT,,,,,PBPK,,,ATSDR 2021 sec 3.1.5.9
Abraham et al.,2024,39476597,10.1016/j.envint.2024.109047,PFOA,human,,male (1 volunteer age 67),1,121,mL/kg (95% CI 118-124),"MEASURED - controlled single oral dose of 13C4-PFOA (3.96 ug absorbed, ~0.048 ug/kg), plasma followed 450 d; Vd = Dabs/C0 with C0 from a 2-compartment fit. Identity ln2*Vd/CL closes at an implied BW of 82.9 kg across all 15 compounds, confirming internal consistency.",own measurement - no assumed half-life, no assumed absorption fraction (fecal recovery measured: 0.04% unabsorbed),0.0417,mL/kg/d (= CLtot 0.0024 mL/min),2011 (95% CI 1466-3206) = 5.5 y,d,2-compartment fit to 450-d plasma decay,Cmax 0.659; C0 0.529,ng/mL (ug/L),Abraham 2024 Tables 2-4
Abraham et al.,2024,39476597,10.1016/j.envint.2024.109047,PFOS,human,,male (1 volunteer),1,152,mL/kg (95% CI 148-NA),MEASURED - single oral dose 13C4-PFOS 3.78 ug; Vd = Dabs/C0,own measurement,0.0870,mL/kg/d (CLtot 0.0050 mL/min),1211 (95% CI 927-NA) = 3.3 y,d,2-compartment,Cmax 0.429; C0 0.303,ng/mL,Abraham 2024 Tables 2-4
Abraham et al.,2024,39476597,10.1016/j.envint.2024.109047,PFHxS,human,,male (1 volunteer),1,125,mL/kg (95% CI 122-128),MEASURED - single oral dose 18O2-PFHxS 3.76 ug,own measurement,0.0530,mL/kg/d (CLtot 0.0030 mL/min),1634 (95% CI 1166-2733) = 4.5 y,d,2-compartment,Cmax 0.826; C0 0.367,ng/mL,Abraham 2024 Tables 2-4
Abraham et al.,2024,39476597,10.1016/j.envint.2024.109047,PFNA,human,,male (1 volunteer),1,124,mL/kg (95% CI 122-127),MEASURED - single oral dose 13C5-PFNA 4.02 ug,own measurement,0.0659,mL/kg/d (CLtot 0.0038 mL/min),1305 (95% CI 1054-1716) = 3.6 y,d,2-compartment,Cmax 0.612; C0 0.394,ng/mL,Abraham 2024 Tables 2-4
Abraham et al.,2024,39476597,10.1016/j.envint.2024.109047,PFBA,human,,male (1 volunteer),1,132,mL/kg (95% CI 128-136),MEASURED - single oral dose 13C3-PFBA 4.01 ug,own measurement,21.89,mL/kg/d (CLtot 1.24 mL/min),4.18 (95% CI 4.06-4.31),d,1-compartment,Cmax 0.433; C0 0.371,ng/mL,Abraham 2024 Tables 2-4
Abraham et al.,2024,39476597,10.1016/j.envint.2024.109047,PFPeA,human,,male (1 volunteer),1,110,mL/kg (95% CI 107-115),MEASURED - single oral dose 13C3-PFPeA 3.95 ug,own measurement,146.6,mL/kg/d (CLtot 8.45 mL/min),0.52 (95% CI 0.51-0.53),d,2-compartment,Cmax 0.495; C0 0.436,ng/mL,Abraham 2024 Tables 2-4
Abraham et al.,2024,39476597,10.1016/j.envint.2024.109047,PFHxA,human,,male (1 volunteer),1,119,mL/kg (95% CI 113-126),MEASURED - single oral dose 13C2-PFHxA 3.99 ug,own measurement,56.89,mL/kg/d (CLtot 3.24 mL/min),1.45 (95% CI 1.42-1.48),d,2-compartment,Cmax 0.576; C0 0.409,ng/mL,"Abraham 2024 Tables 2-4. Compare EPA 2023 PFHxA IRIS, which assumed human Vd = monkey Vd = 730 mL/kg: the measured value is 6.1x lower."
Abraham et al.,2024,39476597,10.1016/j.envint.2024.109047,PFHpA,human,,male (1 volunteer),1,128,mL/kg (95% CI 125-131),MEASURED - single oral dose 13C7-PFHpA 3.80 ug,own measurement,0.584,mL/kg/d (CLtot 0.033 mL/min),152 (95% CI 147-157),d,2-compartment,Cmax 0.686; C0 0.362,ng/mL,Abraham 2024 Tables 2-4
Abraham et al.,2024,39476597,10.1016/j.envint.2024.109047,PFDA,human,,male (1 volunteer),1,184,mL/kg (95% CI 180-188),MEASURED - single oral dose 13C9-PFDA 4.01 ug,own measurement,0.148,mL/kg/d (CLtot 0.0084 mL/min),862 (95% CI 728-1057),d,2-compartment,Cmax 0.376; C0 0.266,ng/mL,Abraham 2024 Tables 2-4
Abraham et al.,2024,39476597,10.1016/j.envint.2024.109047,PFUdA,human,,male (1 volunteer),1,241,mL/kg (95% CI 232-252),MEASURED - single oral dose 13C2-PFUdA 3.99 ug,own measurement,0.286,mL/kg/d (CLtot 0.0163 mL/min),584 (95% CI 501-705),d,2-compartment,Cmax 0.322; C0 0.202,ng/mL,Abraham 2024 Tables 2-4
Abraham et al.,2024,39476597,10.1016/j.envint.2024.109047,PFDoA,human,,male (1 volunteer),1,354,mL/kg (95% CI 342-368),MEASURED - single oral dose 13C12-PFDoA 3.75 ug absorbed (1.09% unabsorbed),own measurement,0.832,mL/kg/d (CLtot 0.0474 mL/min),295 (95% CI 274-321),d,2-compartment,Cmax 0.185; C0 0.129,ng/mL,"Abraham 2024 Tables 2-4. Highest human Vd of the 15, and the SHORTEST half-life of the long-chain PFCAs - Vd and half-life move in opposite directions across the homologue series."
Abraham et al.,2024,39476597,10.1016/j.envint.2024.109047,PFBS,human,,male (1 volunteer),1,137,mL/kg (95% CI 134-140),MEASURED - single oral dose PFBS 18.42 ug (unlabelled; 4.7x the dose of the labelled compounds),own measurement,1.877,mL/kg/d (CLtot 0.107 mL/min),50.6 (95% CI 47.7-53.8),d,2-compartment,Cmax 2.266; C0 1.641,ng/mL,"Abraham 2024 Tables 2-4. Note: 50.6 d is far longer than the ~26 d often quoted from Olsen 2009."
Abraham et al.,2024,39476597,10.1016/j.envint.2024.109047,HFPO-DA (GenX),human,,male (1 volunteer),1,177,mL/kg (95% CI 172-183),MEASURED - single oral dose 19.51 ug absorbed,own measurement,42.90,mL/kg/d (CLtot 2.45 mL/min),2.86 (95% CI 2.83-2.90),d,2-compartment,Cmax 1.687; C0 1.341,ng/mL,Abraham 2024 Tables 2-4
Abraham et al.,2024,39476597,10.1016/j.envint.2024.109047,DONA,human,,male (1 volunteer),1,168,mL/kg (95% CI 140-212),MEASURED - single oral dose 3.71 ug absorbed,own measurement,3.356,mL/kg/d (CLtot 0.191 mL/min),34.7 (95% CI 32.3-38.0),d,2-compartment,Cmax 0.730; C0 0.269,ng/mL,Abraham 2024 Tables 2-4
Abraham et al.,2024,39476597,10.1016/j.envint.2024.109047,6:2 FTS,human,,male (1 volunteer),1,119,mL/kg (95% CI 115-122),MEASURED - single oral dose 3.87 ug absorbed (1.40% unabsorbed),own measurement,19.92,mL/kg/d (CLtot 1.13 mL/min),4.14 (95% CI 3.97-4.32),d,1-compartment,Cmax 0.430; C0 0.399,ng/mL,Abraham 2024 Tables 2-4
Lau et al.,2020,,,PFBS,mouse,CD-1,male,,320-400,mL/kg (0.32-0.40 L/kg; similar in both sexes),MEASURED/FITTED - single oral gavage 30 or 300 mg/kg; serum followed 24 h,own study,,,5.8,h,,,,"Lau 2020 abstract; liver:serum ~0.2-0.3 and kidney:serum 0.1-0.2 at 24 h"
Lau et al.,2020,,,PFBS,mouse,CD-1,female,,320-400,mL/kg,MEASURED/FITTED single oral gavage 30 or 300 mg/kg,own study,,,4.5,h,,,,Lau 2020 abstract
Worley and Fisher,2015,26522833,10.1016/j.taap.2015.10.017,PFOA,rat,Sprague-Dawley / Wistar,male,,"no lumped Vd (PBPK); free fraction in plasma FITTED at 0.09",,"FITTED (free fraction) / MEASURED-IN-VITRO (transporter Km): Km_apical (Oatp1a1) = 52.3 ug/mL from Weaver 2010; Km_baso (mean of Oat1 and Oat3) = 27.20 ug/mL from Nakagawa 2007; Vmax_apicalC 0.947 and Vmax_basoC 0.04 mg/h/kg^0.75; RAFapi FITTED at 35.0 (male) vs 0.001356 (female), a 25,800x fitted sex difference; RAFbaso 4.07 (male)","Km values taken directly from in vitro studies; RAF and free fraction fitted to Kemper 2003 experiments 1, 6a, 6b",,,,,PBPK with separate apical (Oatp1a1) and basolateral (Oat1/Oat3) saturable transport plus kefflux and kdif,,,Worley and Fisher 2015 Table 3
