filename,url,logged_in
OEHHA 2024 PFOA PFOS PHG.pdf,https://oehha.ca.gov/sites/default/files/media/2024-10/pfoapfosphgfinaldraft040524.pdf,SOURCES_regulatory.md
OEHHA 2024 PFOA PFOS PHG responses to comments.pdf,https://oehha.ca.gov/sites/default/files/media/2024-10/pfoapfosresponsestocomments040424.pdf,SOURCES_regulatory.md
OEHHA 2021 PFOA PFOS PHG first draft.pdf,https://oehha.ca.gov/media/downloads/crnr/pfoapfosphgdraft061021.pdf,SOURCES_regulatory.md
OEHHA 2024 PFHxA notification level.pdf,https://oehha.ca.gov/sites/default/files/media/2024-10/pfhxanl091824.pdf,SOURCES_regulatory.md
EPA 2024 PFOA human health toxicity assessment.pdf,https://www.epa.gov/system/files/documents/2024-05/final-human-health-toxicity-assessment-pfoa.pdf,SOURCES_regulatory.md
EPA 2024 PFOS human health toxicity assessment.pdf,https://www.epa.gov/system/files/documents/2024-05/final-human-health-toxicity-assessment-pfos.pdf,SOURCES_regulatory.md
ATSDR 2021 Toxicological Profile Perfluoroalkyls.pdf,https://www.atsdr.cdc.gov/ToxProfiles/tp200.pdf,SOURCES_regulatory.md
EPA 2023 IRIS PFHxA toxicological review.pdf,https://iris.epa.gov/static/pdfs/0704tr.pdf,SOURCES_regulatory.md
EPA 2022 IRIS PFBA toxicological review.pdf,https://iris.epa.gov/static/pdfs/0701tr.pdf,SOURCES_regulatory.md
EPA 2025 IRIS PFHxS toxicological review.pdf,https://iris.epa.gov/static/pdfs/0705tr.pdf,SOURCES_regulatory.md
