Compound,CAS,CAS.Checksum,DTXSID,Formula,All.Compound.Names,logHenry,logHenry.Reference,logMA,logMA.Reference,logP,logP.Reference,logPwa,logPwa.Reference,logWSol,logWSol.Reference,MP,MP.Reference,MW,MW.Reference,pKa_Accept,pKa_Accept.Reference,pKa_Donor,pKa_Donor.Reference,All.Species,Dog.Foral,Dog.Foral.Reference,DTXSID.Reference,Formula.Reference,Human.Caco2.Pab,Human.Caco2.Pab.Reference,Human.Clint,Human.Clint.pValue,Human.Clint.pValue.Reference,Human.Clint.Reference,Human.Fabs,Human.Fabs.Reference,Human.Fgut,Human.Fgut.Reference,Human.Fhep,Human.Fhep.Reference,Human.Foral,Human.Foral.Reference,Human.Funbound.plasma,Human.Funbound.plasma.Reference,Human.Rblood2plasma,Human.Rblood2plasma.Reference,Monkey.Foral,Monkey.Foral.Reference,Mouse.Foral,Mouse.Foral.Reference,Mouse.Funbound.plasma,Mouse.Funbound.plasma.Reference,Rabbit.Funbound.plasma,Rabbit.Funbound.plasma.Reference,Rat.Clint,Rat.Clint.pValue,Rat.Clint.pValue.Reference,Rat.Clint.Reference,Rat.Foral,Rat.Foral.Reference,Rat.Funbound.plasma,Rat.Funbound.plasma.Reference,Rat.Rblood2plasma,Rat.Rblood2plasma.Reference,Chemical.Class
Perfluorooctane sulfonic acid,1763-23-1,True,DTXSID3031864,C8HF17O3S,Perfluorooctane sulfonic acid|Perfluorooctanesulfonic acid|Pfos|1763-23-1|Perfluorooctanesulfonic acid (pfos)|Dtxsid3031864,-10.74,EPA-CCD-OPERA,4.88,Droge 2019,5.609,EPA-CCD-OPERA,-0.8616,EPA-CCD-OPERA,-3.088,EPA-CCD-OPERA,185.2,EPA-CCD-OPERA,500.1,EPA-CCD-OPERA, ,ChemAxon,-3.32,ChemAxon,Human|Rat,,,EPA-CCD-OPERA,EPA-CCD-OPERA,,,"0,0,6.13,0.961",0.961,Crizer 2024,Crizer 2024,,,,,,,,,"0.00339,0.00245,0.00466",Smeltz 2023,0.588,Poothong 2017,,,,,,,,,0,0.0007,Wetmore 2013,Wetmore 2013,,,0,Wetmore 2013,,,PFAS
Perfluorooctanoic acid,335-67-1,True,DTXSID8031865,C8HF15O2,Perfluorooctanoic acid|335-67-1|Pfoa|Perfluorooctanoic acid (pfoa)|Perfluorooctanoic_acid|Dtxsid8031865,-9.717,EPA-CCD-OPERA,3.51,Droge 2019,3.106,EPA-CCD-OPERA,1.05,EPA-CCD-OPERA,-1.479,EPA-CCD-OPERA,54.22,EPA-CCD-OPERA,414.1,EPA-CCD-OPERA, ,ChemAxon,-4.2,ChemAxon,Human|Rat,,,EPA-CCD-OPERA,EPA-CCD-OPERA,,,"0,0,0,1",1.0,Crizer 2024,Crizer 2024,,,,,,,,,"0.00224,0.0016,0.00308",Smeltz 2023,,,,,,,,,,,0,0.0374,Wetmore 2013,Wetmore 2013,,,0.002929,Wetmore 2013,,,PFAS
Perfluorohexanoic acid,307-24-4,True,DTXSID3031862,C6HF11O2,Perfluorohexanoic acid|Pfhxa|Perfluorohexanoic acid (pfhxa)|Dtxsid3031862|307-24-4,-9.628,EPA-CCD-OPERA,2.31,Droge 2019,2.85,EPA-CCD-OPERA,0.9768,EPA-CCD-OPERA,-4.041,EPA-CCD-OPERA,11.76,EPA-CCD-OPERA,314.1,EPA-CCD-OPERA, ,ChemAxon,-0.78,ChemAxon,Human,,,EPA-CCD-OPERA,EPA-CCD-OPERA,,,"0,0,0,0.998",0.998,Crizer 2024,Crizer 2024,,,,,,,,,"0.0107,0.00733,0.0152",Smeltz 2023,,,,,,,,,,,,,,,,,,,,,PFAS
Perfluorodecanoic acid,335-76-2,True,DTXSID3031860,C10HF19O2,Perfluorodecanoic acid|Pfda|Perfluorodecanoic acid (pfda)|Dtxsid3031860|335-76-2,-9.824,EPA-CCD-OPERA,4.63,Droge 2019,4.151,EPA-CCD-OPERA,0.131,EPA-CCD-OPERA,-2.648,EPA-CCD-OPERA,89.95,EPA-CCD-OPERA,514.1,EPA-CCD-OPERA, ,ChemAxon,-5.2,ChemAxon,Human,,,EPA-CCD-OPERA,EPA-CCD-OPERA,,,"0,0,0,1",1.0,Crizer 2024,Crizer 2024,,,,,,,,,"0.000304,0.000205,0.000446",Smeltz 2023,,,,,,,,,,,,,,,,,,,,,PFAS
Perfluoroheptanoic acid,375-85-9,True,DTXSID1037303,C7HF13O2,Perfluoroheptanoic acid|Perfluoroheptanoic acid (pfhpa)|Dtxsid1037303|375-85-9,-9.679,EPA-CCD-OPERA,2.87,Droge 2019,2.059,EPA-CCD-OPERA,2.027,EPA-CCD-OPERA,-0.4956,EPA-CCD-OPERA,35.26,EPA-CCD-OPERA,364.1,EPA-CCD-OPERA, ,ChemAxon,-2.29,ChemAxon,Human,,,EPA-CCD-OPERA,EPA-CCD-OPERA,"1.4,0.78,2.52",Honda 2025,"0,0,7.37,0.949",0.949,Crizer 2024,Crizer 2024,,,,,,,,,"0.00173,0.00119,0.00247",Smeltz 2023,,,,,,,,,,,,,,,,,,,,,PFAS
Perfluorononanoic acid,375-95-1,True,DTXSID8031863,C9HF17O2,Perfluorononanoic acid|Pfna|Perfluorononanoic acid (pfna)|Perfluorononanoic_acid|Dtxsid8031863|375-95-1,-8.928,EPA-CCD-OPERA,4.04,Droge 2019,3.538,EPA-CCD-OPERA,0.662,EPA-CCD-OPERA,-2.55,EPA-CCD-OPERA,68.51,EPA-CCD-OPERA,464.1,EPA-CCD-OPERA, ,ChemAxon,-6.51,ChemAxon,Human,,,EPA-CCD-OPERA,EPA-CCD-OPERA,"6.23,3.46,11.2",Honda 2025,"10.4,0,14.3,0.373",0.373,Crizer 2024,Crizer 2024,,,,,,,,,"0.000749,0.000508,0.00108",Smeltz 2023,,,,,,,,,,,,,,,,,,,,,PFAS
Perfluorobutanesulfonic acid,375-73-5,True,DTXSID5030030,C4HF9O3S,Perfluorobutanesulfonic acid|Perfluorobutanesulfonic acid (pfbs)|Dtxsid5030030|375-73-5,-9.53,EPA-CCD-OPERA,2.63,Droge 2019,3.117,EPA-CCD-OPERA,1.047,EPA-CCD-OPERA,-2.14,EPA-CCD-OPERA,105.8,EPA-CCD-OPERA,300.1,EPA-CCD-OPERA, ,ChemAxon,-3.31,ChemAxon,Human,,,EPA-CCD-OPERA,EPA-CCD-OPERA,,,"0,0,5.6,0.968",0.968,Crizer 2024,Crizer 2024,,,,,,,,,"0.0111,0.0077,0.0164",Smeltz 2023,0.333,Poothong 2017,,,,,,,,,,,,,,,,,,,PFAS
Perfluorohexanesulfonic acid,355-46-4,True,DTXSID7040150,C6HF13O3S,Perfluorohexanesulfonic acid|Perfluorohexanesulfonic acid (pfhxs)|Perfluorohexanesulfonic_acid|Dtxsid7040150|355-46-4,-9.713,EPA-CCD-OPERA,3.82,Droge 2019,2.203,EPA-CCD-OPERA,2.071,EPA-CCD-OPERA,-3.215,EPA-CCD-OPERA,190.0,EPA-CCD-OPERA,400.1,EPA-CCD-OPERA, ,ChemAxon,-3.32,ChemAxon,Human,,,EPA-CCD-OPERA,EPA-CCD-OPERA,,,"0,0,9.67,0.874",0.874,Crizer 2024,Crizer 2024,,,,,,,,,"0.0013,0.00113,0.00149",Smeltz 2023,0.588,Poothong 2017,,,,,,,,,,,,,,,,,,,PFAS
"1,1,2,2-tetrahydroperfluoro-1-decanol",678-39-7,True,DTXSID7029904,C10H5F17O,"1,1,2,2-tetrahydroperfluoro-1-decanol|8:2 fluorotelomer alcohol|Dtxsid7029904|678-39-7|Fluorotelomer alcohol 8:2",-9.684,EPA-CCD-OPERA,,,5.7,EPA-CCD-OPERA,-1.478,EPA-CCD-OPERA,-6.385,EPA-CCD-OPERA,47.45,EPA-CCD-OPERA,464.1,EPA-CCD-OPERA, ,ChemAxon, ,ChemAxon,Human,,,EPA-CCD-OPERA,EPA-CCD-OPERA,,,,,,,,,,,,,,,"0.0168,0.00939,0.0291",Kreutz 2023,,,,,,,,,,,,,,,,,,,,,PFAS
"2h,2h,3h,3h-perfluorooctanoic acid",914637-49-3,True,DTXSID20874028,C8H5F11O2,"2h,2h,3h,3h-perfluorooctanoic acid|2h,2h,3h,3h-perfluorooctanoic acid (5:3 ftca)|Dtxsid20874028|914637-49-3",-9.643,EPA-CCD-OPERA,,,3.296,EPA-CCD-OPERA,0.9543,EPA-CCD-OPERA,-3.283,EPA-CCD-OPERA,10.4,EPA-CCD-OPERA,342.1,EPA-CCD-OPERA, ,ChemAxon,0.72,ChemAxon,Human,,,EPA-CCD-OPERA,EPA-CCD-OPERA,,,"19,14.2,21.4,0",0.0,Crizer 2024,Crizer 2024,,,,,,,,,"0.00616,0.00587,0.00646",Smeltz 2023,,,,,,,,,,,,,,,,,,,,,PFAS
Perfluorobutanoic acid,375-22-4,True,DTXSID4059916,C4HF7O2,Perfluorobutanoic acid|Perfluorobutanoic acid (pfba)|Dtxsid4059916|375-22-4,-4.3,EPA-CCD-OPERA,1.0,Droge 2019,1.432,EPA-CCD-OPERA,2.027,EPA-CCD-OPERA,-2.681,EPA-CCD-OPERA,-17.88,EPA-CCD-OPERA,214.0,EPA-CCD-OPERA, ,ChemAxon,1.07,ChemAxon,Human,,,EPA-CCD-OPERA,EPA-CCD-OPERA,,,"0,0,0,0.975",0.975,Crizer 2024,Crizer 2024,,,,,,,,,"0.131,0.0863,0.192",Smeltz 2023,,,,,,,,,,,,,,,,,,,,,PFAS
Dtxsid70880215,13252-13-6,True,DTXSID70880215,C6HF11O3,Dtxsid70880215|13252-13-6|Perfluoro-2-methyl-3-oxahexanoic acid,-9.654,EPA-CCD-OPERA,,,3.003,EPA-CCD-OPERA,0.7415,EPA-CCD-OPERA,-2.954,EPA-CCD-OPERA,27.77,EPA-CCD-OPERA,330.1,EPA-CCD-OPERA, ,ChemAxon,-0.77,ChemAxon,Human,,,EPA-CCD-OPERA,EPA-CCD-OPERA,,,,,,,,,,,,,,,,,,,,,,,,,,,,,,,,,,,,,PFAS
2706-91-4,2706-91-4,True,DTXSID8062600,C5HF11O3S,2706-91-4|Perfluoropentanesulfonic acid,-9.665,EPA-CCD-OPERA,,,3.372,EPA-CCD-OPERA,0.83,EPA-CCD-OPERA,-2.629,EPA-CCD-OPERA,134.9,EPA-CCD-OPERA,350.1,EPA-CCD-OPERA, ,ChemAxon,-3.32,ChemAxon,Human,,,EPA-CCD-OPERA,EPA-CCD-OPERA,,,,,,,,,,,,,,,,,,,,,,,,,,,,,,,,,,,,,PFAS
73606-19-6,73606-19-6,True,DTXSID60881236,C8ClF16KO4S,73606-19-6|Potassium 9-chlorohexadecafluoro-3-oxanonane-1-sulfonate,-10.75,EPA-CCD-OPERA,,,-0.02992,EPA-CCD-OPERA,6.365,EPA-CCD-OPERA,-4.905,EPA-CCD-OPERA,243.7,EPA-CCD-OPERA,570.7,EPA-CCD-OPERA, ,ChemAxon,-3.24,ChemAxon,Human,,,EPA-CCD-OPERA,EPA-CCD-OPERA,,,,,,,,,,,,,,,,,,,,,,,,,,,,,,,,,,,,,PFAS
