study,author,route,dose_mgkg,dose_mg,bw_kg,time_d,conc_mgL,conc_sd,n_animals,animal_id,dataset
3749227,Butenhoff,iv,10,40.0,4.0,0.020833333333333332,96.4,0.0,1,2058,3749227-10 mg/kg-iv
3749227,Butenhoff,iv,10,40.0,4.0,0.020833333333333332,88.94,0.0,1,2059,3749227-10 mg/kg-iv
3749227,Butenhoff,iv,10,40.0,4.0,0.020833333333333332,94.08,0.0,1,2061,3749227-10 mg/kg-iv
3749227,Butenhoff,iv,10,40.0,4.0,0.08333333333333333,74.28,0.0,1,2058,3749227-10 mg/kg-iv
3749227,Butenhoff,iv,10,40.0,4.0,0.08333333333333333,77.87,0.0,1,2059,3749227-10 mg/kg-iv
3749227,Butenhoff,iv,10,40.0,4.0,0.08333333333333333,71.6,0.0,1,2061,3749227-10 mg/kg-iv
3749227,Butenhoff,iv,10,40.0,4.0,0.16666666666666666,70.12,0.0,1,2058,3749227-10 mg/kg-iv
3749227,Butenhoff,iv,10,40.0,4.0,0.16666666666666666,81.62,0.0,1,2059,3749227-10 mg/kg-iv
3749227,Butenhoff,iv,10,40.0,4.0,0.16666666666666666,69.38,0.0,1,2061,3749227-10 mg/kg-iv
3749227,Butenhoff,iv,10,40.0,4.0,0.3333333333333333,79.57,0.0,1,2058,3749227-10 mg/kg-iv
3749227,Butenhoff,iv,10,40.0,4.0,0.3333333333333333,61.52,0.0,1,2059,3749227-10 mg/kg-iv
3749227,Butenhoff,iv,10,40.0,4.0,0.3333333333333333,64.17,0.0,1,2061,3749227-10 mg/kg-iv
3749227,Butenhoff,iv,10,40.0,4.0,1.0,62.89,0.0,1,2058,3749227-10 mg/kg-iv
3749227,Butenhoff,iv,10,40.0,4.0,1.0,60.76,0.0,1,2059,3749227-10 mg/kg-iv
3749227,Butenhoff,iv,10,40.0,4.0,1.0,41.94,0.0,1,2061,3749227-10 mg/kg-iv
3749227,Butenhoff,iv,10,40.0,4.0,2.0,61.6,0.0,1,2058,3749227-10 mg/kg-iv
3749227,Butenhoff,iv,10,40.0,4.0,2.0,49.67,0.0,1,2059,3749227-10 mg/kg-iv
3749227,Butenhoff,iv,10,40.0,4.0,2.0,39.82,0.0,1,2061,3749227-10 mg/kg-iv
3749227,Butenhoff,iv,10,40.0,4.0,4.0,70.52,0.0,1,2058,3749227-10 mg/kg-iv
3749227,Butenhoff,iv,10,40.0,4.0,4.0,41.64,0.0,1,2059,3749227-10 mg/kg-iv
3749227,Butenhoff,iv,10,40.0,4.0,4.0,44.37,0.0,1,2061,3749227-10 mg/kg-iv
3749227,Butenhoff,iv,10,40.0,4.0,7.0,59.82,0.0,1,2058,3749227-10 mg/kg-iv
3749227,Butenhoff,iv,10,40.0,4.0,7.0,44.6,0.0,1,2059,3749227-10 mg/kg-iv
3749227,Butenhoff,iv,10,40.0,4.0,7.0,36.76,0.0,1,2061,3749227-10 mg/kg-iv
3749227,Butenhoff,iv,10,40.0,4.0,11.0,38.98,0.0,1,2058,3749227-10 mg/kg-iv
3749227,Butenhoff,iv,10,40.0,4.0,11.0,53.98,0.0,1,2059,3749227-10 mg/kg-iv
3749227,Butenhoff,iv,10,40.0,4.0,11.0,37.5,0.0,1,2061,3749227-10 mg/kg-iv
3749227,Butenhoff,iv,10,40.0,4.0,14.0,40.45,0.0,1,2058,3749227-10 mg/kg-iv
3749227,Butenhoff,iv,10,40.0,4.0,14.0,45.79,0.0,1,2059,3749227-10 mg/kg-iv
3749227,Butenhoff,iv,10,40.0,4.0,14.0,21.91,0.0,1,2061,3749227-10 mg/kg-iv
3749227,Butenhoff,iv,10,40.0,4.0,21.0,38.75,0.0,1,2058,3749227-10 mg/kg-iv
3749227,Butenhoff,iv,10,40.0,4.0,21.0,37.85,0.0,1,2059,3749227-10 mg/kg-iv
3749227,Butenhoff,iv,10,40.0,4.0,21.0,10.46,0.0,1,2061,3749227-10 mg/kg-iv
3749227,Butenhoff,iv,10,40.0,4.0,28.0,33.68,0.0,1,2058,3749227-10 mg/kg-iv
3749227,Butenhoff,iv,10,40.0,4.0,28.0,24.3,0.0,1,2059,3749227-10 mg/kg-iv
3749227,Butenhoff,iv,10,40.0,4.0,28.0,7.15,0.0,1,2061,3749227-10 mg/kg-iv
3749227,Butenhoff,iv,10,40.0,4.0,57.0,31.69,0.0,1,2058,3749227-10 mg/kg-iv
3749227,Butenhoff,iv,10,40.0,4.0,57.0,16.87,0.0,1,2059,3749227-10 mg/kg-iv
3749227,Butenhoff,iv,10,40.0,4.0,57.0,4.99,0.0,1,2061,3749227-10 mg/kg-iv
3749227,Butenhoff,iv,10,40.0,4.0,87.0,8.59,0.0,1,2058,3749227-10 mg/kg-iv
3749227,Butenhoff,iv,10,40.0,4.0,87.0,5.45,0.0,1,2059,3749227-10 mg/kg-iv
3749227,Butenhoff,iv,10,40.0,4.0,87.0,2.12,0.0,1,2061,3749227-10 mg/kg-iv
3749227,Butenhoff,iv,10,40.0,4.0,123.0,3.65,0.0,1,2058,3749227-10 mg/kg-iv
3749227,Butenhoff,iv,10,40.0,4.0,123.0,4.7,0.0,1,2059,3749227-10 mg/kg-iv
3749227,Butenhoff,iv,10,40.0,4.0,123.0,0.89,0.0,1,2061,3749227-10 mg/kg-iv
