study,author,sex,route,dose_mgkg,dose_mg,bw_kg,time_d,conc_mgL,conc_sd,n_animals,animal_id,dataset
3749227,Butenhoff,Male,iv,10,50.0,5.0,0.020833333333333332,91.13,0.0,1,2052,3749227-10 mg/kg-iv
3749227,Butenhoff,Male,iv,10,50.0,5.0,0.020833333333333332,96.66,0.0,1,2054,3749227-10 mg/kg-iv
3749227,Butenhoff,Male,iv,10,50.0,5.0,0.020833333333333332,91.37,0.0,1,2211,3749227-10 mg/kg-iv
3749227,Butenhoff,Male,iv,10,50.0,5.0,0.08333333333333333,67.9,0.0,1,2052,3749227-10 mg/kg-iv
3749227,Butenhoff,Male,iv,10,50.0,5.0,0.08333333333333333,91.63,0.0,1,2054,3749227-10 mg/kg-iv
3749227,Butenhoff,Male,iv,10,50.0,5.0,0.08333333333333333,90.68,0.0,1,2211,3749227-10 mg/kg-iv
3749227,Butenhoff,Male,iv,10,50.0,5.0,0.16666666666666666,74.0,0.0,1,2052,3749227-10 mg/kg-iv
3749227,Butenhoff,Male,iv,10,50.0,5.0,0.16666666666666666,89.16,0.0,1,2054,3749227-10 mg/kg-iv
3749227,Butenhoff,Male,iv,10,50.0,5.0,0.16666666666666666,71.96,0.0,1,2211,3749227-10 mg/kg-iv
3749227,Butenhoff,Male,iv,10,50.0,5.0,0.3333333333333333,71.2,0.0,1,2052,3749227-10 mg/kg-iv
3749227,Butenhoff,Male,iv,10,50.0,5.0,0.3333333333333333,60.86,0.0,1,2054,3749227-10 mg/kg-iv
3749227,Butenhoff,Male,iv,10,50.0,5.0,0.3333333333333333,73.65,0.0,1,2211,3749227-10 mg/kg-iv
3749227,Butenhoff,Male,iv,10,50.0,5.0,1.0,50.21,0.0,1,2052,3749227-10 mg/kg-iv
3749227,Butenhoff,Male,iv,10,50.0,5.0,1.0,50.93,0.0,1,2054,3749227-10 mg/kg-iv
3749227,Butenhoff,Male,iv,10,50.0,5.0,1.0,64.16,0.0,1,2211,3749227-10 mg/kg-iv
3749227,Butenhoff,Male,iv,10,50.0,5.0,2.0,65.81,0.0,1,2052,3749227-10 mg/kg-iv
3749227,Butenhoff,Male,iv,10,50.0,5.0,2.0,48.53,0.0,1,2054,3749227-10 mg/kg-iv
3749227,Butenhoff,Male,iv,10,50.0,5.0,2.0,48.93,0.0,1,2211,3749227-10 mg/kg-iv
3749227,Butenhoff,Male,iv,10,50.0,5.0,4.0,43.37,0.0,1,2052,3749227-10 mg/kg-iv
3749227,Butenhoff,Male,iv,10,50.0,5.0,4.0,42.94,0.0,1,2054,3749227-10 mg/kg-iv
3749227,Butenhoff,Male,iv,10,50.0,5.0,4.0,30.49,0.0,1,2211,3749227-10 mg/kg-iv
3749227,Butenhoff,Male,iv,10,50.0,5.0,7.0,45.84,0.0,1,2052,3749227-10 mg/kg-iv
3749227,Butenhoff,Male,iv,10,50.0,5.0,7.0,27.91,0.0,1,2054,3749227-10 mg/kg-iv
3749227,Butenhoff,Male,iv,10,50.0,5.0,7.0,29.1,0.0,1,2211,3749227-10 mg/kg-iv
3749227,Butenhoff,Male,iv,10,50.0,5.0,11.0,39.45,0.0,1,2052,3749227-10 mg/kg-iv
3749227,Butenhoff,Male,iv,10,50.0,5.0,11.0,19.32,0.0,1,2054,3749227-10 mg/kg-iv
3749227,Butenhoff,Male,iv,10,50.0,5.0,11.0,23.64,0.0,1,2211,3749227-10 mg/kg-iv
3749227,Butenhoff,Male,iv,10,50.0,5.0,14.0,37.36,0.0,1,2052,3749227-10 mg/kg-iv
3749227,Butenhoff,Male,iv,10,50.0,5.0,14.0,11.22,0.0,1,2054,3749227-10 mg/kg-iv
3749227,Butenhoff,Male,iv,10,50.0,5.0,14.0,13.43,0.0,1,2211,3749227-10 mg/kg-iv
3749227,Butenhoff,Male,iv,10,50.0,5.0,21.0,33.6,0.0,1,2052,3749227-10 mg/kg-iv
3749227,Butenhoff,Male,iv,10,50.0,5.0,21.0,3.99,0.0,1,2054,3749227-10 mg/kg-iv
3749227,Butenhoff,Male,iv,10,50.0,5.0,21.0,5.94,0.0,1,2211,3749227-10 mg/kg-iv
3749227,Butenhoff,Male,iv,10,50.0,5.0,28.0,21.14,0.0,1,2052,3749227-10 mg/kg-iv
3749227,Butenhoff,Male,iv,10,50.0,5.0,28.0,1.86,0.0,1,2054,3749227-10 mg/kg-iv
3749227,Butenhoff,Male,iv,10,50.0,5.0,28.0,3.24,0.0,1,2211,3749227-10 mg/kg-iv
3749227,Butenhoff,Male,iv,10,50.0,5.0,57.0,15.01,0.0,1,2052,3749227-10 mg/kg-iv
3749227,Butenhoff,Male,iv,10,50.0,5.0,57.0,0.47,0.0,1,2054,3749227-10 mg/kg-iv
3749227,Butenhoff,Male,iv,10,50.0,5.0,57.0,0.78,0.0,1,2211,3749227-10 mg/kg-iv
3749227,Butenhoff,Male,iv,10,50.0,5.0,79.0,9.92,0.0,1,2052,3749227-10 mg/kg-iv
3749227,Butenhoff,Male,iv,10,50.0,5.0,87.0,0.1,0.0,1,2054,3749227-10 mg/kg-iv
3749227,Butenhoff,Male,iv,10,50.0,5.0,87.0,0.11,0.0,1,2211,3749227-10 mg/kg-iv
3749227,Butenhoff,Male,iv,10,50.0,5.0,123.0,0.04,0.0,1,2211,3749227-10 mg/kg-iv
