PFAS,sex,species,model,CLC_mean,CLC_lower,CLC_upper,halft_mean,halft_lower,halft_upper,Vd_mean,Vd_lower,Vd_upper,BW
PFBA,Male,human,1-compartment,43.8,43.7,43.9,,,,,,,80.0
PFBA,Female,mouse,2-compartment,0.86664,0.378586,1.385283,0.186139,0.063839,0.342735,0.214073,0.102061,0.331661,0.025
PFBA,Male,mouse,2-compartment,0.298209,0.137809,0.466804,0.723916,0.194683,1.336265,0.288048,0.114517,0.472245,0.025
PFBA,Female,primate,2-compartment,1.341168,0.964623,1.741978,0.223093,0.168352,0.276982,0.436852,0.232151,0.649584,2.6
PFBA,Male,primate,2-compartment,2.061029,1.545945,2.576409,0.197074,0.148063,0.247579,0.592225,0.335476,0.869248,2.6
PFBA,Female,rat,2-compartment,1.888786,0.426959,3.363823,0.097923,0.013481,0.21588,0.221396,0.068468,0.390306,0.25
PFBA,Male,rat,2-compartment,0.528658,0.102532,0.981022,0.347806,0.051952,0.743953,0.216648,0.082941,0.346501,0.25
PFBS,Male,human,1-compartment,1.314,1.313,1.315,,,,,,,80.0
PFBS,Female,mouse,2-compartment,1.962934,1.341809,2.612605,0.125353,0.098717,0.153688,0.356871,0.206508,0.513654,0.025
PFBS,Male,mouse,2-compartment,1.149508,0.92788,1.394159,0.186244,0.15443,0.221081,0.3095,0.2166,0.403822,0.025
PFBS,Female,primate,2-compartment,0.443676,0.125175,0.771291,0.527726,0.101146,1.054815,0.298467,0.097432,0.543524,2.6
PFBS,Male,primate,2-compartment,0.360997,0.142243,0.609167,0.563854,0.134545,1.077034,0.26996,0.094443,0.479794,2.6
PFBS,Female,rat,2-compartment,5.361336,3.222755,7.605805,0.040898,0.022165,0.063058,0.305104,0.195658,0.427836,0.25
PFBS,Male,rat,2-compartment,1.329501,0.782252,1.94438,0.120479,0.065416,0.1895,0.223899,0.132024,0.337623,0.25
PFDA,Female,rat,2-compartment,0.003225,0.001782,0.00482,68.775086,27.719108,116.177626,0.30071,0.188245,0.446364,0.25
PFDA,Male,rat,2-compartment,0.003459,0.001682,0.00554,88.404604,35.632493,153.25351,0.405538,0.249158,0.578981,0.25
PFHxA,Male,human,1-compartment,16.1,16.0,16.2,,,,,,,80.0
PFHxA,Female,mouse,2-compartment,4.440819,2.864873,6.069332,0.250728,0.025331,0.630037,1.525444,0.211891,3.665139,0.025
PFHxA,Male,mouse,2-compartment,2.206694,1.841286,2.594592,0.214918,0.140878,0.308521,0.686878,0.401116,1.03806,0.025
PFHxA,Female,primate,2-compartment,5.042157,3.838721,6.335263,0.053703,0.045174,0.063303,0.3926,0.255343,0.541184,2.6
PFHxA,Male,primate,2-compartment,4.686035,2.778007,6.876545,0.121071,0.089737,0.159818,0.827407,0.38328,1.341575,2.6
PFHxA,Female,rat,2-compartment,8.114788,4.532205,11.699676,0.034205,0.01721,0.052551,0.387792,0.215154,0.576781,0.25
PFHxA,Male,rat,2-compartment,3.118087,2.621566,3.596999,0.095066,0.066188,0.123936,0.426385,0.29229,0.557716,0.25
PFHxS,Male,human,1-compartment,0.025,0.012,0.039,2.35,1.65,3.16,0.29,0.17,0.45,80.0
PFHxS,Female,mouse,1-compartment,0.003136,0.002949,0.003323,26.665119,25.435644,27.952966,0.120661,0.111059,0.130359,0.025
PFHxS,Male,mouse,1-compartment,0.003809,0.003488,0.004133,27.397326,25.625428,29.450666,0.150581,0.13384,0.168028,0.025
PFHxS,Female,primate,2-compartment,0.002099,0.001698,0.002484,74.376449,56.844599,93.432966,0.222934,0.191194,0.252902,2.6
PFHxS,Male,primate,2-compartment,0.001165,0.000596,0.001698,177.641277,90.558622,296.873177,0.272014,0.234607,0.311763,2.6
PFHxS,Female,rat,2-compartment,0.09821,0.06505,0.13464,1.744439,0.960979,2.588129,0.239644,0.158738,0.319527,0.25
PFHxS,Male,rat,2-compartment,0.004793,0.003386,0.006193,29.712661,18.345709,42.107583,0.20155,0.134262,0.265611,0.25
PFNA,Male,human,1-compartment,0.056,0.033,0.093,2.35,1.65,3.16,0.19,0.11,0.3,80.0
PFNA,Female,mouse,2-compartment,0.004186,0.003097,0.005235,59.439236,39.445833,84.551375,0.348445,0.304148,0.395094,0.025
PFNA,Male,mouse,2-compartment,0.003928,0.000828,0.006354,227.459627,46.698764,445.872398,0.602612,0.508477,0.729341,0.025
PFNA,Female,rat,2-compartment,0.068166,0.058799,0.077351,2.830816,2.284093,3.347696,0.277795,0.225917,0.33063,0.25
PFNA,Male,rat,2-compartment,0.003305,0.001734,0.005035,53.721702,22.218042,90.983053,0.23975,0.1304,0.355222,0.25
PFOA,Male,human,1-compartment,0.095,0.074,0.126,3.14,2.69,3.73,0.43,0.32,0.59,80.0
PFOA,Female,mouse,2-compartment,0.012384,0.003276,0.025395,21.45258,2.500616,53.102589,0.298502,0.076388,0.569448,0.025
PFOA,Male,mouse,2-compartment,0.006938,0.006085,0.007771,25.630496,20.119525,31.968723,0.252157,0.205973,0.303788,0.025
PFOA,Female,primate,1-compartment,0.004644,0.003946,0.005388,25.34252,21.671821,29.262825,0.169426,0.140489,0.199118,2.6
PFOA,Male,primate,1-compartment,0.010829,0.008058,0.013708,11.44871,9.764974,13.262557,0.179014,0.124337,0.236237,2.6
PFOA,Female,rat,2-compartment,0.666281,0.474401,0.858953,0.690461,0.27103,1.3099,0.648622,0.282338,1.182898,0.25
PFOA,Male,rat,2-compartment,0.015074,0.008306,0.022626,14.20016,6.291023,23.182508,0.289453,0.190451,0.380075,0.25
PFOS,Male,human,1-compartment,0.066,0.048,0.092,3.36,2.52,4.42,0.32,0.22,0.47,80.0
PFOS,Female,mouse,1-compartment,0.005795,0.005408,0.006197,32.809854,30.253685,35.298062,0.274231,0.247402,0.299914,0.025
PFOS,Male,mouse,1-compartment,0.005587,0.005177,0.006009,35.490518,32.351155,38.554533,0.285961,0.257003,0.315222,0.025
PFOS,Female,primate,2-compartment,0.001912,0.001561,0.00225,96.303432,74.733064,120.324231,0.262852,0.234956,0.291862,2.6
PFOS,Male,primate,2-compartment,0.001099,0.000856,0.001343,135.888134,100.46529,178.82165,0.212059,0.189445,0.232216,2.6
PFOS,Female,rat,2-compartment,0.004641,0.002479,0.006864,54.733961,25.332193,89.654591,0.345665,0.214779,0.476401,0.25
PFOS,Male,rat,2-compartment,0.005508,0.003662,0.007389,57.074776,33.41071,85.938742,0.441925,0.289261,0.608584,0.25
