PFAS,pair,serum_lo,serum_hi,serum_fold,halft_lo,halft_hi,halft_fold
PFOA,rat/F vs mouse/M,3704.0,6570.0,1.7737580993520519,0.690461,25.630496,37.120845348252836
PFHxS,rat/F vs mouse/M,10100.0,8012.101210000001,1.2605931621774906,1.744439,27.397326,15.705522520420605
PFHxS,rat/F vs mouse/F,10100.0,8831.683168,1.1436098655118785,1.744439,26.665119,15.285784713595604
PFBS,rat/F vs primate/M,7940.0,8399.868433,1.0579179386649873,0.040898,0.563854,13.786835542080297
PFBS,rat/F vs primate/F,7940.0,7982.9582655,1.0054103608942067,0.040898,0.527726,12.903467162208422
PFHxA,rat/F vs mouse/F,24200.0,23250.0,1.0408602150537634,0.034205,0.250728,7.330156409881597
PFHxS,rat/M vs primate/M,28000.0,37594.47976,1.3426599914285715,29.712661,177.641277,5.978639106069968
PFNA,rat/M vs mouse/M,6540.0,3599.45,1.8169442553723487,53.721702,227.459627,4.234036125661097
PFHxA,primate/F vs mouse/M,3078.0,1601.401703,1.922066146322813,0.053703,0.214918,4.001973818967283
PFOS,mouse/F vs primate/F,3988.795518,6208.8210515,1.5565653900987964,32.809854,96.303432,2.935198431544377
PFOS,mouse/M vs primate/F,4338.359534,6208.8210515,1.4311448838762841,35.490518,96.303432,2.713497503755792
PFHxA,rat/M vs mouse/F,34900.0,23250.0,1.5010752688172042,0.095066,0.250728,2.6374097995077106
PFHxS,rat/M vs primate/F,28000.0,41397.64288,1.4784872457142857,29.712661,74.376449,2.5031904412735027
PFOS,rat/F vs primate/M,4900.0,8961.056221499999,1.8287869839795916,54.733961,135.888134,2.4827023573170597
PFBA,rat/M vs mouse/M,76111.44481,51930.0,1.4656546275755826,0.347806,0.723916,2.081378699619903
PFOA,rat/M vs mouse/M,3660.0,6570.0,1.7950819672131149,14.20016,25.630496,1.804944169643159
PFHxA,primate/M vs mouse/M,1990.5,1601.401703,1.2429735751317608,0.121071,0.214918,1.7751402069859834
PFOS,rat/F vs primate/F,4900.0,6208.8210515,1.2671063370408164,54.733961,96.303432,1.7594822344394188
PFOS,mouse/F vs rat/M,3988.795518,3987.5575865,1.0003104485573302,32.809854,57.074776,1.739562023043443
PFOS,rat/M vs primate/F,3987.5575865,6208.8210515,1.5570486235785426,57.074776,96.303432,1.6873203672319275
PFOS,mouse/F vs rat/F,3988.795518,4900.0,1.2284410112997926,32.809854,54.733961,1.668217145983033
PFOS,mouse/M vs rat/M,4338.359534,3987.5575865,1.0879741395303357,35.490518,57.074776,1.608169708878298
PFOS,mouse/M vs rat/F,4338.359534,4900.0,1.129459179581219,35.490518,54.733961,1.5422136414013454
PFNA,rat/M vs mouse/F,6540.0,6456.01,1.0130095833184893,53.721702,59.439236,1.1064287575996754
