chemical,n_carbons,mw_g_mol,iv_dose_mgkg,oral_dose_mgkg,cl_mL_kg_day,vss_L_kg,mrt_d,bioavailability_pct,cl_urinary_pct,cl_fecal_pct,fu_pct,cl_gfr_free_mL_kg_day,cl_renal_measured_mL_kg_day,source_table
PFBA,4,214.04,1.41,1.81,783,0.14,0.18,68,100,0,77,7700,783,"Argoul 2026 Tables 1/2/4"
PFHxA,6,314.05,1.28,1.71,6830,4.0,0.63,54,99.3,0.7,25,2500,6780,"Argoul 2026 Tables 1/2/4"
PFOA,8,414.07,0.080,0.10,4.5,0.089,19.5,70,79.1,20.9,0.87,87,3.59,"Argoul 2026 Tables 1/2/4"
PFNA,9,464.08,0.11,0.15,2.1,0.11,52.8,74,28.6,71.4,0.35,35,0.6,"Argoul 2026 Tables 1/2/4"
PFDA,10,514.08,0.077,0.11,1.8,0.12,68.1,97,7.3,92.7,0.42,42,0.13,"Argoul 2026 Tables 1/2/4"
PFBS,4,300.1,1.55,1.82,,0.17,,62,,,29,2900,,"Argoul 2026 Tables 1/2/4; CL 22-2589 nonlinear, MRT <1 to 8 d, ClR 22-2589"
PFHxS,6,400.12,0.094,0.10,1.3,0.062,46.5,100,44,56,1.3,130,0.589,"Argoul 2026 Tables 1/2/4"
PFOS,8,500.13,0.038,0.056,2.7,0.11,43.1,80,46.3,53.7,0.25,25,1.24,"Argoul 2026 Tables 1/2/4"
PFDS,10,600.15,0.019,0.039,5.2,0.28,53.3,56,70,30,,,,"Argoul 2026 Tables 1/2; no fu/ClR row in Table 4"
GenX,6,330.05,0.052,0.050,274,0.095,0.35,100,98.2,1.8,26,2600,269,"Argoul 2026 Tables 1/2/4"
PFO2OA,6,346.05,0.17,0.23,1570,0.48,0.32,73,97.6,2.4,10,1000,1533,"Argoul 2026 Tables 1/2/4"
