PFAS,,rate and CI,diff and CI,p,HL and CI,diff HL%
PFOA,M,"-0.36(-0.45, -0.27)","0.02(-0.07, 0.11)",0.7,"1.92(1.54, 2.55)",5.21%
,F,"-0.34(-0.43, -0.25)",,,"2.02(1.6, 2.74)",
PFPeS,M,"-0.64(-0.86, -0.42)","0.02(-0.2, 0.24)",0.89,"1.09(0.81, 1.67)",2.75%
,F,"-0.62(-0.84, -0.4)",,,"1.12(0.83, 1.73)",
PFHxS,M,"-0.23(-0.27, -0.18)","0(-0.04, 0.05)",0.84,"3.07(2.57, 3.81)",1.95%
,F,"-0.22(-0.27, -0.18)",,,"3.13(2.61, 3.91)",
PFHpS,M,"-0.23(-0.27, -0.18)","0(-0.04, 0.05)",0.89,"3.05(2.53, 3.86)",1.64%
,F,"-0.22(-0.27, -0.18)",,,"3.1(2.56, 3.94)",
PFOS,M,"-0.37(-0.43, -0.32)","0.03(-0.03, 0.08)",0.36,"1.86(1.62, 2.19)",7.53%
,F,"-0.35(-0.4, -0.29)",,,"2(1.72, 2.39)",
1m-PFOS,M,"-0.2(-0.25, -0.16)","0(-0.05, 0.04)",0.9,"3.42(2.77, 4.45)",-1.46%
,F,"-0.21(-0.25, -0.16)",,,"3.37(2.74, 4.37)",
3/4/5m-PFOS,M,"-0.3(-0.35, -0.25)","0.01(-0.04, 0.06)",0.74,"2.32(1.99, 2.79)",3.02%
,F,"-0.29(-0.34, -0.24)",,,"2.39(2.04, 2.89)",
2/6m-PFOS,M,"-0.38(-0.44, -0.33)","0.01(-0.04, 0.07)",0.61,"1.81(1.59, 2.11)",3.87%
,F,"-0.37(-0.42, -0.32)",,,"1.88(1.64, 2.2)",
