parameter,chemical,comparator,argoul,single,ratio
clearance,PFOA,Lou 2009,4.5,5.99,0.7512520868113522
volume_of_distribution,PFOA,Lou 2009,89.0,135,0.6592592592592592
clearance,PFOA,Fujii (via EPA),4.5,11.8,0.3813559322033898
volume_of_distribution,PFOA,Fujii (via EPA),89.0,150,0.5933333333333334
clearance,PFHxS,"Sundstrom 2012, 1 mg/kg",1.3,2.68,0.48507462686567165
volume_of_distribution,PFHxS,"Sundstrom 2012, 1 mg/kg",62.0,96,0.6458333333333334
clearance,PFHxS,"Sundstrom 2012, 20 mg/kg",1.3,3.79,0.34300791556728233
volume_of_distribution,PFHxS,"Sundstrom 2012, 20 mg/kg",62.0,147,0.4217687074829932
volume_of_distribution,PFHxA,US EPA PFHxA IRIS,4000.0,780,5.128205128205129
half_life,PFBA,"Chang 2008, 10 mg/kg",0.12476649250079015,0.11958333333333333,1.0433434912958062
half_life,PFBA,"Chang 2008, 30 mg/kg",0.12476649250079015,0.12833333333333333,0.9722064350710922
half_life,PFBA,"Chang 2008, 100 mg/kg",0.12476649250079015,0.11625,1.0732601505444315
half_life_pooled,PFBA,EPA pooled fit,0.12476649250079015,0.186,0.6707875940902697
half_life_pooled,PFHxA,EPA pooled fit,0.4366827237527655,0.251,1.7397718077799422
half_life,PFOA,"Lou 2009, 1-10 mg/kg",13.516370020918933,15.6,0.8664339756999316
half_life_pooled,PFOA,EPA pooled fit,13.516370020918933,21.453,0.6300456822318059
half_life,PFHxS,"Sundstrom 2012, 1 mg/kg",32.23134389603746,24.8,1.2996509635498974
half_life,PFHxS,"Sundstrom 2012, 20 mg/kg",32.23134389603746,26.8,1.2026620856730394
half_life_pooled,PFHxS,EPA pooled fit,32.23134389603746,26.665,1.2087509430353445
half_life,PFOS,"Chang 2012, 1 mg/kg",29.874643482133642,37.791666666666664,0.7905087580718936
half_life,PFOS,"Chang 2012, 20 mg/kg",29.874643482133642,30.458333333333332,0.9808364481138269
half_life_pooled,PFOS,EPA pooled fit,29.874643482133642,32.81,0.9105346992421104
half_life,PFNA,"Tatum-Gibbs 2011, 1-10 mg/kg low",36.59817113356511,25.8,1.4185337648668648
half_life,PFNA,"Tatum-Gibbs 2011, 1-10 mg/kg high",36.59817113356511,68.4,0.53506098148487
half_life_pooled,PFNA,EPA pooled fit,36.59817113356511,59.439,0.6157265622497874
