source_table,chemical,species,sex,route,dose_umol_kg,halflife,clearance_total_mL_kg_day,vd_mL_kg,reference,source
EFSA 2020 Appendix Table C.2,n- PFOS,rat,Male,G,5.4,33.7 d,NR,NR,Benskin et al. (2009),"EFSA CONTAM Panel 2020, EFSA Journal 18(9):6223, doi:10.2903/j.efsa.2020.6223"
EFSA 2020 Appendix Table C.2,n- PFOS,rat,Male,"Oral, 3 m",0.04,82 (66–107) d,NR,NR,De Silva et al. (2009),"EFSA CONTAM Panel 2020, EFSA Journal 18(9):6223, doi:10.2903/j.efsa.2020.6223"
EFSA 2020 Appendix Table C.2,n- PFOS,rat,Female,"Oral, 3 m",0.04,83 (73–90) d,NR,NR,De Silva et al. (2009),"EFSA CONTAM Panel 2020, EFSA Journal 18(9):6223, doi:10.2903/j.efsa.2020.6223"
EFSA 2020 Appendix Table C.2,iso- PFOS,rat,Male,G,0.8,23.4 d,NR,NR,Benskin et al. (2009),"EFSA CONTAM Panel 2020, EFSA Journal 18(9):6223, doi:10.2903/j.efsa.2020.6223"
EFSA 2020 Appendix Table C.2,iso- PFOS,rat,Male,"Oral, 3 m",0.004,65 (47–107) d,NR,NR,De Silva et al. (2009),"EFSA CONTAM Panel 2020, EFSA Journal 18(9):6223, doi:10.2903/j.efsa.2020.6223"
EFSA 2020 Appendix Table C.2,iso- PFOS,rat,Female,"Oral, 3 m",0.004,38 (25-81) d,NR,NR,De Silva et al. (2009),"EFSA CONTAM Panel 2020, EFSA Journal 18(9):6223, doi:10.2903/j.efsa.2020.6223"
EFSA 2020 Appendix Table C.2,1m-PFOS,rat,Male,G,< 1.5,102 d,NR,NR,Benskin et al. (2009),"EFSA CONTAM Panel 2020, EFSA Journal 18(9):6223, doi:10.2903/j.efsa.2020.6223"
EFSA 2020 Appendix Table C.2,1m-PFOS,rat,Male,"Oral, 3 m",< 0.006,103 (63–288) d,NR,NR,De Silva et al. (2009),"EFSA CONTAM Panel 2020, EFSA Journal 18(9):6223, doi:10.2903/j.efsa.2020.6223"
EFSA 2020 Appendix Table C.3,PFBA,rat,Female,i.v.,140,1.03 ± 0.03 h,"3,318 ± 66(a)",187 ± 3,Chang et al. (2008),"EFSA CONTAM Panel 2020, EFSA Journal 18(9):6223, doi:10.2903/j.efsa.2020.6223"
EFSA 2020 Appendix Table C.3,PFBA,rat,Male,i.v.,140,6.4 ± 0.54 h,766 ± 55(b),253 ± 6,Chang et al. (2008),"EFSA CONTAM Panel 2020, EFSA Journal 18(9):6223, doi:10.2903/j.efsa.2020.6223"
EFSA 2020 Appendix Table C.3,PFBA,rat,Female,G,140,1.8 ± 0.3 h,"1,718 ± 163(a)",173 ± 21,Chang et al. (2008),"EFSA CONTAM Panel 2020, EFSA Journal 18(9):6223, doi:10.2903/j.efsa.2020.6223"
EFSA 2020 Appendix Table C.3,PFBA,rat,Male,G,140,9.2 ± 0.8 h,444 ± 27(b),209 ± 10,Chang et al. (2008),"EFSA CONTAM Panel 2020, EFSA Journal 18(9):6223, doi:10.2903/j.efsa.2020.6223"
EFSA 2020 Appendix Table C.3,PFBA,mice,Female,G,140,3.1 ± 0.3 h,835 ± 38(c),134,Chang et al. (2008),"EFSA CONTAM Panel 2020, EFSA Journal 18(9):6223, doi:10.2903/j.efsa.2020.6223"
EFSA 2020 Appendix Table C.3,PFBA,mice,Male,G,140,16.3 ± 7.2 h,254 ± 549(d),296,Chang et al. (2008),"EFSA CONTAM Panel 2020, EFSA Journal 18(9):6223, doi:10.2903/j.efsa.2020.6223"
EFSA 2020 Appendix Table C.3,PFBA,mice,Female,G,47,2.9 ± 0.3 h,730 ± 29(c),107,Chang et al. (2008),"EFSA CONTAM Panel 2020, EFSA Journal 18(9):6223, doi:10.2903/j.efsa.2020.6223"
EFSA 2020 Appendix Table C.3,PFBA,mice,Male,G,47,13.3 ± 4.6 h,240 ± 63(d),152,Chang et al. (2008),"EFSA CONTAM Panel 2020, EFSA Journal 18(9):6223, doi:10.2903/j.efsa.2020.6223"
EFSA 2020 Appendix Table C.3,PFBA,monkey,Female,i.v.,47,41.0 ± 4.7 h,"1,792 ± 152(e)",443 ± 59,Chang et al. (2008),"EFSA CONTAM Panel 2020, EFSA Journal 18(9):6223, doi:10.2903/j.efsa.2020.6223"
EFSA 2020 Appendix Table C.3,PFBA,monkey,Male,i.v.,47,40.3 ± 2.4 h,"1,694 ± 209(f)",526 ± 68,Chang et al. (2008),"EFSA CONTAM Panel 2020, EFSA Journal 18(9):6223, doi:10.2903/j.efsa.2020.6223"
EFSA 2020 Appendix Table C.3,PFHxA,rat,Female,i.v.,31.8,0.4 h,"18,600",466,Chengelis et al. (2009),"EFSA CONTAM Panel 2020, EFSA Journal 18(9):6223, doi:10.2903/j.efsa.2020.6223"
EFSA 2020 Appendix Table C.3,PFHxA,rat,Male,i.v.,31.8,1.0 h,"2,784",175,Chengelis et al. (2009),"EFSA CONTAM Panel 2020, EFSA Journal 18(9):6223, doi:10.2903/j.efsa.2020.6223"
EFSA 2020 Appendix Table C.3,PFHxA,rat,Female,G,159.2,2.6 h,NR,NR,Chengelis et al. (2009),"EFSA CONTAM Panel 2020, EFSA Journal 18(9):6223, doi:10.2903/j.efsa.2020.6223"
EFSA 2020 Appendix Table C.3,PFHxA,rat,Male,G,159.2,2.2 h,NR,NR,Chengelis et al. (2009),"EFSA CONTAM Panel 2020, EFSA Journal 18(9):6223, doi:10.2903/j.efsa.2020.6223"
EFSA 2020 Appendix Table C.3,PFHxA,rat,Female,G (25 d),159.2,2.7 h,–,–,Chengelis et al. (2009),"EFSA CONTAM Panel 2020, EFSA Journal 18(9):6223, doi:10.2903/j.efsa.2020.6223"
EFSA 2020 Appendix Table C.3,PFHxA,rat,Male,G (25 d),159.2,2.2 h,–,–,Chengelis et al. (2009),"EFSA CONTAM Panel 2020, EFSA Journal 18(9):6223, doi:10.2903/j.efsa.2020.6223"
EFSA 2020 Appendix Table C.3,PFHxA,rat,Male,G,0.32,2.9 (2.1-4.3) h,NR,760,Iwabuchi et al. (2017),"EFSA CONTAM Panel 2020, EFSA Journal 18(9):6223, doi:10.2903/j.efsa.2020.6223"
EFSA 2020 Appendix Table C.3,PFHxA,monkey,Female,i.v.,31.8,2.4 ± 1.7 h,"3,264 ± 528",474 ± 349,Chengelis et al. (2009),"EFSA CONTAM Panel 2020, EFSA Journal 18(9):6223, doi:10.2903/j.efsa.2020.6223"
EFSA 2020 Appendix Table C.3,PFHxA,monkey,Male,i.v.,31.8,5.3 ± 2.5 h,"2,928 ± 576",989 ± 579,Chengelis et al. (2009),"EFSA CONTAM Panel 2020, EFSA Journal 18(9):6223, doi:10.2903/j.efsa.2020.6223"
EFSA 2020 Appendix Table C.3,PFHpA,rat,Female,i.v.,48.6,0.05 ± 0.01 d,"3,070 ± 781",201 ± 29,Ohmori et al. (2003),"EFSA CONTAM Panel 2020, EFSA Journal 18(9):6223, doi:10.2903/j.efsa.2020.6223"
EFSA 2020 Appendix Table C.3,PFHpA,rat,Male,i.v.,48.6,0.10 ± 0.05 d,"1,604 ± 558",196 ± 19,Ohmori et al. (2003),"EFSA CONTAM Panel 2020, EFSA Journal 18(9):6223, doi:10.2903/j.efsa.2020.6223"
EFSA 2020 Appendix Table C.3,PFHpA,mice,Female,i.v.,0.31,NR,257 ± 124,80 ± 20,Fujii et al. (2015),"EFSA CONTAM Panel 2020, EFSA Journal 18(9):6223, doi:10.2903/j.efsa.2020.6223"
EFSA 2020 Appendix Table C.3,PFHpA,mice,Male,i.v.,0.31,NR,347 ± 86,70 ± 10,Fujii et al. (2015),"EFSA CONTAM Panel 2020, EFSA Journal 18(9):6223, doi:10.2903/j.efsa.2020.6223"
EFSA 2020 Appendix Table C.3,PFHpA,mice,Female,G,3.13,NR,190 ± 22,NR,Fujii et al. (2015),"EFSA CONTAM Panel 2020, EFSA Journal 18(9):6223, doi:10.2903/j.efsa.2020.6223"
EFSA 2020 Appendix Table C.3,PFHpA,mice,Male,G,3.13,NR,293 ± 154,NR,Fujii et al. (2015),"EFSA CONTAM Panel 2020, EFSA Journal 18(9):6223, doi:10.2903/j.efsa.2020.6223"
EFSA 2020 Appendix Table C.3,PFNA,rat,Female,i.v.,48.6,2.44 ± 0.41 d,106 ± 31,243 ± 49,Ohmori et al. (2003),"EFSA CONTAM Panel 2020, EFSA Journal 18(9):6223, doi:10.2903/j.efsa.2020.6223"
EFSA 2020 Appendix Table C.3,PFNA,rat,Male,i.v.,48.6,29.6 ± 2.3 d,6.9 ± 0.6,287 ± 13,Ohmori et al. (2003),"EFSA CONTAM Panel 2020, EFSA Journal 18(9):6223, doi:10.2903/j.efsa.2020.6223"
EFSA 2020 Appendix Table C.3,PFNA,rat,Female,G,2.16,NR,NR,125(86-164),Tatum-Gibbs et al. (2011),"EFSA CONTAM Panel 2020, EFSA Journal 18(9):6223, doi:10.2903/j.efsa.2020.6223"
EFSA 2020 Appendix Table C.3,PFNA,rat,Male,G,2.16,42.1(33-56) d,NR,113(67-158),Tatum-Gibbs et al. (2011),"EFSA CONTAM Panel 2020, EFSA Journal 18(9):6223, doi:10.2903/j.efsa.2020.6223"
EFSA 2020 Appendix Table C.3,PFNA,rat,Female,G,6.47,32.0(3-119) d,NR,171(104-238),Tatum-Gibbs et al. (2011),"EFSA CONTAM Panel 2020, EFSA Journal 18(9):6223, doi:10.2903/j.efsa.2020.6223"
EFSA 2020 Appendix Table C.3,PFNA,rat,Male,G,6.47,23.6(20-28) d,NR,139(82-196),Tatum-Gibbs et al. (2011),"EFSA CONTAM Panel 2020, EFSA Journal 18(9):6223, doi:10.2903/j.efsa.2020.6223"
EFSA 2020 Appendix Table C.3,PFNA,rat,Female,G,21.6,NR,NR,146(90-201),Tatum-Gibbs et al. (2011),"EFSA CONTAM Panel 2020, EFSA Journal 18(9):6223, doi:10.2903/j.efsa.2020.6223"
EFSA 2020 Appendix Table C.3,PFNA,rat,Male,G,21.6,28.0(25-32) d,NR,110(65-154),Tatum-Gibbs et al. (2011),"EFSA CONTAM Panel 2020, EFSA Journal 18(9):6223, doi:10.2903/j.efsa.2020.6223"
EFSA 2020 Appendix Table C.3,PFNA,rat,Male,G,0.11,29(18-64) d,NR,880,Iwabuchi et al. (2017),"EFSA CONTAM Panel 2020, EFSA Journal 18(9):6223, doi:10.2903/j.efsa.2020.6223"
EFSA 2020 Appendix Table C.3,PFNA,rat,Female,i.v.,6.47,4.4 ± 0.2 d,16.6 ± 1.3,45.9 ± 3.7,Kim et al. (2019),"EFSA CONTAM Panel 2020, EFSA Journal 18(9):6223, doi:10.2903/j.efsa.2020.6223"
EFSA 2020 Appendix Table C.3,PFNA,rat,Male,i.v.,6.47,40.2 ± 18.7 d,7.4 ± 1.4,363 ± 183,Kim et al. (2019),"EFSA CONTAM Panel 2020, EFSA Journal 18(9):6223, doi:10.2903/j.efsa.2020.6223"
EFSA 2020 Appendix Table C.3,PFNA,rat,Female,G,6.47,6.4 ± 1.1 d,NR,NR,Kim et al. (2019),"EFSA CONTAM Panel 2020, EFSA Journal 18(9):6223, doi:10.2903/j.efsa.2020.6223"
EFSA 2020 Appendix Table C.3,PFNA,rat,Male,G,6.47,54.6 ± 2.5,NR,NR,Kim et al. (2019),"EFSA CONTAM Panel 2020, EFSA Journal 18(9):6223, doi:10.2903/j.efsa.2020.6223"
EFSA 2020 Appendix Table C.3,PFNA,mice,Female,G,2.16,25.7(23-29) d,NR,192(165-220),Tatum-Gibbs et al. (2011),"EFSA CONTAM Panel 2020, EFSA Journal 18(9):6223, doi:10.2903/j.efsa.2020.6223"
EFSA 2020 Appendix Table C.3,PFNA,mice,Male,G,2.16,34.4(29-41) d,NR,328(0-1060),Tatum-Gibbs et al. (2011),"EFSA CONTAM Panel 2020, EFSA Journal 18(9):6223, doi:10.2903/j.efsa.2020.6223"
EFSA 2020 Appendix Table C.3,PFNA,mice,Female,G,21.6,68.8(42-120) d,NR,192(165-220),Tatum-Gibbs et al. (2011),"EFSA CONTAM Panel 2020, EFSA Journal 18(9):6223, doi:10.2903/j.efsa.2020.6223"
EFSA 2020 Appendix Table C.3,PFNA,mice,Male,G,21.6,228(70-796) d,NR,328(0-1060),Tatum-Gibbs et al. (2011),"EFSA CONTAM Panel 2020, EFSA Journal 18(9):6223, doi:10.2903/j.efsa.2020.6223"
EFSA 2020 Appendix Table C.3,PFNA,mice,Female,i.v.,0.31,NR,5.1 ± 2.3,150 ± 40,Fujii et al. (2015),"EFSA CONTAM Panel 2020, EFSA Journal 18(9):6223, doi:10.2903/j.efsa.2020.6223"
EFSA 2020 Appendix Table C.3,PFNA,mice,Male,i.v.,0.31,NR,3.9 ± 1.9,220 ± 60,Fujii et al. (2015),"EFSA CONTAM Panel 2020, EFSA Journal 18(9):6223, doi:10.2903/j.efsa.2020.6223"
EFSA 2020 Appendix Table C.3,PFNA,mice,Female,i.v.,3.13,NR,2.4 ± 1.0,NR,Fujii et al. (2015),"EFSA CONTAM Panel 2020, EFSA Journal 18(9):6223, doi:10.2903/j.efsa.2020.6223"
EFSA 2020 Appendix Table C.3,PFNA,mice,Male,G,3.13,NR,4.0 ± 1.7,NR,Fujii et al. (2015),"EFSA CONTAM Panel 2020, EFSA Journal 18(9):6223, doi:10.2903/j.efsa.2020.6223"
EFSA 2020 Appendix Table C.3,PFDA,rat,Female,i.v.,48.6,58.6 ± 5.8 d,5.3 ± 0.2,441 ± 55,Ohmori et al. (2003),"EFSA CONTAM Panel 2020, EFSA Journal 18(9):6223, doi:10.2903/j.efsa.2020.6223"
EFSA 2020 Appendix Table C.3,PFDA,rat,Male,i.v.,48.6,39.9 ± 8.6 d,5.2 ± 1.3,348 ± 15,Ohmori et al. (2003),"EFSA CONTAM Panel 2020, EFSA Journal 18(9):6223, doi:10.2903/j.efsa.2020.6223"
EFSA 2020 Appendix Table C.3,PFDA,rat,Female,i.v.,1.95,50.0 ± 2.3 d,0.8 ± 0.1,58.4 ± 4.5,Kim et al. (2019),"EFSA CONTAM Panel 2020, EFSA Journal 18(9):6223, doi:10.2903/j.efsa.2020.6223"
EFSA 2020 Appendix Table C.3,PFDA,rat,Male,i.v.,1.95,109.4 ± 18.7 d,0.8 ± 0.1,118.2 ± 9.3,Kim et al. (2019),"EFSA CONTAM Panel 2020, EFSA Journal 18(9):6223, doi:10.2903/j.efsa.2020.6223"
EFSA 2020 Appendix Table C.3,PFDA,rat,Female,G,1.95,74.6 ± 10.2 d,NR,NR,Kim et al. (2019),"EFSA CONTAM Panel 2020, EFSA Journal 18(9):6223, doi:10.2903/j.efsa.2020.6223"
EFSA 2020 Appendix Table C.3,PFDA,rat,Male,G,1.95,80.0 ± 5.5 d,NR,NR,Kim et al. (2019),"EFSA CONTAM Panel 2020, EFSA Journal 18(9):6223, doi:10.2903/j.efsa.2020.6223"
EFSA 2020 Appendix Table C.3,PFDA,mice,Female,i.v.,0.31,NR,2.8 ± 1.2,200 ± 50,Fujii et al. (2015),"EFSA CONTAM Panel 2020, EFSA Journal 18(9):6223, doi:10.2903/j.efsa.2020.6223"
EFSA 2020 Appendix Table C.3,PFDA,mice,Male,i.v.,0.31,NR,2.2 ± 0.9,250 ± 60,Fujii et al. (2015),"EFSA CONTAM Panel 2020, EFSA Journal 18(9):6223, doi:10.2903/j.efsa.2020.6223"
EFSA 2020 Appendix Table C.3,PFDA,mice,Female,G,3.13,NR,2.2 ± 1.1,NR,Fujii et al. (2015),"EFSA CONTAM Panel 2020, EFSA Journal 18(9):6223, doi:10.2903/j.efsa.2020.6223"
EFSA 2020 Appendix Table C.3,PFDA,mice,Male,G,3.13,NR,3.9 ± 1.8,NR,Fujii et al. (2015),"EFSA CONTAM Panel 2020, EFSA Journal 18(9):6223, doi:10.2903/j.efsa.2020.6223"
EFSA 2020 Appendix Table C.3,PFUnDA,mice,Female,i.v.,0.31,NR,3.4 ± 1.5,280 ± 80,Fujii et al. (2015),"EFSA CONTAM Panel 2020, EFSA Journal 18(9):6223, doi:10.2903/j.efsa.2020.6223"
EFSA 2020 Appendix Table C.3,PFUnDA,mice,Male,i.v.,0.31,NR,2.8 ± 1.0,33 ± 60,Fujii et al. (2015),"EFSA CONTAM Panel 2020, EFSA Journal 18(9):6223, doi:10.2903/j.efsa.2020.6223"
EFSA 2020 Appendix Table C.3,PFUnDA,mice,Female,G,3.13,NR,3.1C1.7,NR,Fujii et al. (2015),"EFSA CONTAM Panel 2020, EFSA Journal 18(9):6223, doi:10.2903/j.efsa.2020.6223"
EFSA 2020 Appendix Table C.3,PFUnDA,mice,Male,G,3.13,NR,5.7 ± 2.6,NR,Fujii et al. (2015),"EFSA CONTAM Panel 2020, EFSA Journal 18(9):6223, doi:10.2903/j.efsa.2020.6223"
EFSA 2020 Appendix Table C.3,PFDoDA,mice,Female,i.v.,0.31,NR,4.8 ± 2.4,350 ± 100,Fujii et al. (2015),"EFSA CONTAM Panel 2020, EFSA Journal 18(9):6223, doi:10.2903/j.efsa.2020.6223"
EFSA 2020 Appendix Table C.3,PFDoDA,mice,Male,i.v.,0.31,NR,4.4 ± 1.6,570 ± 210,Fujii et al. (2015),"EFSA CONTAM Panel 2020, EFSA Journal 18(9):6223, doi:10.2903/j.efsa.2020.6223"
EFSA 2020 Appendix Table C.3,PFDoDA,mice,Female,G,3.13,NR,5.2 ± 3.2,NR,Fujii et al. (2015),"EFSA CONTAM Panel 2020, EFSA Journal 18(9):6223, doi:10.2903/j.efsa.2020.6223"
EFSA 2020 Appendix Table C.3,PFDoDA,mice,Male,G,3.13,NR,9.4 ± 4.1,NR,Fujii et al. (2015),"EFSA CONTAM Panel 2020, EFSA Journal 18(9):6223, doi:10.2903/j.efsa.2020.6223"
EFSA 2020 Appendix Table C.3,PFTrDA,mice,Female,i.v.,0.31,NR,7.2 ± 3.2,430 ± 140,Fujii et al. (2015),"EFSA CONTAM Panel 2020, EFSA Journal 18(9):6223, doi:10.2903/j.efsa.2020.6223"
EFSA 2020 Appendix Table C.3,PFTrDA,mice,Male,i.v.,0.31,NR,6.8 ± 2.5,580 ± 200,Fujii et al. (2015),"EFSA CONTAM Panel 2020, EFSA Journal 18(9):6223, doi:10.2903/j.efsa.2020.6223"
EFSA 2020 Appendix Table C.3,PFTrDA,mice,Female,G,3.13,NR,17.1 ± 12.0,NR,Fujii et al. (2015),"EFSA CONTAM Panel 2020, EFSA Journal 18(9):6223, doi:10.2903/j.efsa.2020.6223"
EFSA 2020 Appendix Table C.3,PFTrDA,mice,Male,G,3.13,NR,34.2 ± 16.6,NR,Fujii et al. (2015),"EFSA CONTAM Panel 2020, EFSA Journal 18(9):6223, doi:10.2903/j.efsa.2020.6223"
EFSA 2020 Appendix Table C.3,PFTeDA,mice,Female,i.v.,0.31,NR,10.4 ± 6.0,430 ± 130,Fujii et al. (2015),"EFSA CONTAM Panel 2020, EFSA Journal 18(9):6223, doi:10.2903/j.efsa.2020.6223"
EFSA 2020 Appendix Table C.3,PFTeDA,mice,Male,i.v.,0.31,NR,10.4 ± 4.6,550 ± 180,Fujii et al. (2015),"EFSA CONTAM Panel 2020, EFSA Journal 18(9):6223, doi:10.2903/j.efsa.2020.6223"
EFSA 2020 Appendix Table C.3,PFTeDA,mice,Female,G,3.13,NR,48.7 ± 381,NR,Fujii et al. (2015),"EFSA CONTAM Panel 2020, EFSA Journal 18(9):6223, doi:10.2903/j.efsa.2020.6223"
EFSA 2020 Appendix Table C.3,PFTeDA,mice,Male,G,3.13,NR,106.3 ± 46.6,NR,Fujii et al. (2015),"EFSA CONTAM Panel 2020, EFSA Journal 18(9):6223, doi:10.2903/j.efsa.2020.6223"
EFSA 2020 Appendix Table C.3,PFHxS,rat,Female,i.v.,22.8,1.83 ± 0.26 d,119 ± 47,278 ± 66,Sundström et al. (2012),"EFSA CONTAM Panel 2020, EFSA Journal 18(9):6223, doi:10.2903/j.efsa.2020.6223"
EFSA 2020 Appendix Table C.3,PFHxS,rat,Male,i.v.,22.8,6.83 d,40.32,NR,Sundström et al. (2012),"EFSA CONTAM Panel 2020, EFSA Journal 18(9):6223, doi:10.2903/j.efsa.2020.6223"
EFSA 2020 Appendix Table C.3,PFHxS,rat,Female,G,22.8,0.83 ± 0.53 d,NR,NR,Sundström et al. (2012),"EFSA CONTAM Panel 2020, EFSA Journal 18(9):6223, doi:10.2903/j.efsa.2020.6223"
EFSA 2020 Appendix Table C.3,PFHxS,rat,Male,G,22.8,NR,NR,NR,Sundström et al. (2012),"EFSA CONTAM Panel 2020, EFSA Journal 18(9):6223, doi:10.2903/j.efsa.2020.6223"
EFSA 2020 Appendix Table C.3,PFHxS,rat,Female,i.v.,22.8,1.64 ± 0.08 d,53.35 ± 4.38,126 ± 14,Sundström et al. (2012),"EFSA CONTAM Panel 2020, EFSA Journal 18(9):6223, doi:10.2903/j.efsa.2020.6223"
EFSA 2020 Appendix Table C.3,PFHxS,rat,Male,i.v.,22.8,29.1 ± 0.6 d,6.75 ± 0.06,275 ± 5,Sundström et al. (2012),"EFSA CONTAM Panel 2020, EFSA Journal 18(9):6223, doi:10.2903/j.efsa.2020.6223"
EFSA 2020 Appendix Table C.3,PFHxS,rat,Female,i.v.,10,0.88 ± 0.07 d(i),227.9 ± 6.7(i),289.3 ± 23.8(i),Kim et al. (2016a),"EFSA CONTAM Panel 2020, EFSA Journal 18(9):6223, doi:10.2903/j.efsa.2020.6223"
EFSA 2020 Appendix Table C.3,PFHxS,rat,Male,i.v.,10,20.7 ± 4.0 d(i),9.0 ± 0.05(i),268.9 ± 52.1(i),Kim et al. (2016a),"EFSA CONTAM Panel 2020, EFSA Journal 18(9):6223, doi:10.2903/j.efsa.2020.6223"
EFSA 2020 Appendix Table C.3,PFHxS,rat,Female,G,10,1.72 ± 0.11 d(i),124.8 ± 3.4(i),255.9 ± 18.2(i),Kim et al. (2016a),"EFSA CONTAM Panel 2020, EFSA Journal 18(9):6223, doi:10.2903/j.efsa.2020.6223"
EFSA 2020 Appendix Table C.3,PFHxS,rat,Male,G,10,26.9 ± 0.4 d(i),7.2 ± 0.06(i),277.6 ± 3.9(i),Kim et al. (2016a),"EFSA CONTAM Panel 2020, EFSA Journal 18(9):6223, doi:10.2903/j.efsa.2020.6223"
EFSA 2020 Appendix Table C.3,PFHxS,rat,Female,i.v.,10,1.61 ± 0.06 d,56.2 ± 6.2,130.4 ± 5.5,Kim et al. (2018),"EFSA CONTAM Panel 2020, EFSA Journal 18(9):6223, doi:10.2903/j.efsa.2020.6223"
EFSA 2020 Appendix Table C.3,PFHxS,rat,Female,i.v.,25,2.03 ± 0.09 d,52.6 ± 8.6,153.9 ± 20.2,Kim et al. (2018),"EFSA CONTAM Panel 2020, EFSA Journal 18(9):6223, doi:10.2903/j.efsa.2020.6223"
EFSA 2020 Appendix Table C.3,PFHxS,rat,Male,i.v.,25,34.1 ± 0.88 d,6.4 ± 0.06,314.8 ± 23.2,Kim et al. (2018),"EFSA CONTAM Panel 2020, EFSA Journal 18(9):6223, doi:10.2903/j.efsa.2020.6223"
EFSA 2020 Appendix Table C.3,PFHxS,rat,Female,G,10,1.69 ± 0.06 d,65.3 ± 8.2,158.6 ± 7.8,Kim et al. (2018),"EFSA CONTAM Panel 2020, EFSA Journal 18(9):6223, doi:10.2903/j.efsa.2020.6223"
EFSA 2020 Appendix Table C.3,PFHxS,rat,Male,G,25,34.1 ± 4.85 d,6.6 ± 1.2,326.7 ± 20.0,Kim et al. (2018),"EFSA CONTAM Panel 2020, EFSA Journal 18(9):6223, doi:10.2903/j.efsa.2020.6223"
EFSA 2020 Appendix Table C.3,PFHxS,rat,Female,i.v,9.1,0.7 ± 0.08 d(k),65.5 ± 3.1,66.3 ± 7.6(l),Huang et al. (2019a),"EFSA CONTAM Panel 2020, EFSA Journal 18(9):6223, doi:10.2903/j.efsa.2020.6223"
EFSA 2020 Appendix Table C.3,PFHxS,rat,Male,i.v.,9.1,13.0 ± 1.5 d(k),4.7 ± 0.5,123 ± 11(l),Huang et al. (2019),"EFSA CONTAM Panel 2020, EFSA Journal 18(9):6223, doi:10.2903/j.efsa.2020.6223"
EFSA 2020 Appendix Table C.3,PFHxS,rat,Female,G,9.1,2.33 ± 0.07 d(k),46.1 ± 2.2,155 ± 9(l),Huang et al. (2019),"EFSA CONTAM Panel 2020, EFSA Journal 18(9):6223, doi:10.2903/j.efsa.2020.6223"
EFSA 2020 Appendix Table C.3,PFHxS,rat,Male,G,9.1,17.6 ± 1.8 d(k),4.8 ± 0.4,123 ± 11(l),Huang et al. (2019a),"EFSA CONTAM Panel 2020, EFSA Journal 18(9):6223, doi:10.2903/j.efsa.2020.6223"
EFSA 2020 Appendix Table C.3,PFHxS,rat,Female,G,36.5,2.19 ± 0.06 d(k),59.0 ± 3.6,186 ± 14(l),Huang et al. (2019a),"EFSA CONTAM Panel 2020, EFSA Journal 18(9):6223, doi:10.2903/j.efsa.2020.6223"
EFSA 2020 Appendix Table C.3,PFHxS,rat,Male,G,36.5,16.5 ± 1.1 d(k),5.7 ± 0.3,137 ± 9(l),Huang et al. (2019a),"EFSA CONTAM Panel 2020, EFSA Journal 18(9):6223, doi:10.2903/j.efsa.2020.6223"
EFSA 2020 Appendix Table C.3,PFHxS,rat,Female,G,73,1.98 ± 0.05 d(k),96.2 ± 5.8,264 ± 20(l),Huang et al. (2019a),"EFSA CONTAM Panel 2020, EFSA Journal 18(9):6223, doi:10.2903/j.efsa.2020.6223"
EFSA 2020 Appendix Table C.3,PFHxS,rat,Male,G,73,14.8 ± 1.2 d(k),9.0 ± 0.6,192 ± 17(l),Huang et al. (2019a),"EFSA CONTAM Panel 2020, EFSA Journal 18(9):6223, doi:10.2903/j.efsa.2020.6223"
EFSA 2020 Appendix Table C.3,PFHxS,mice,Female,G,2.3,24.8 d,2.7,96,Sundström et al. (2012),"EFSA CONTAM Panel 2020, EFSA Journal 18(9):6223, doi:10.2903/j.efsa.2020.6223"
EFSA 2020 Appendix Table C.3,PFHxS,mice,Male,G,2.3,30.5 d,2.9,129,Sundström et al. (2012),"EFSA CONTAM Panel 2020, EFSA Journal 18(9):6223, doi:10.2903/j.efsa.2020.6223"
EFSA 2020 Appendix Table C.3,PFHxS,mice,Female,G,45.7,26.8 d,3.8,147,Sundström et al. (2012),"EFSA CONTAM Panel 2020, EFSA Journal 18(9):6223, doi:10.2903/j.efsa.2020.6223"
EFSA 2020 Appendix Table C.3,PFHxS,mice,Male,G,45.7,28.0 d,4.8,195,Sundström et al. (2012),"EFSA CONTAM Panel 2020, EFSA Journal 18(9):6223, doi:10.2903/j.efsa.2020.6223"
EFSA 2020 Appendix Table C.3,PFHxS,monkey,Female,i.v.,22.8,87 ± 27 d,1.9 ± 0.4,213 ± 28,Sundström et al. (2012),"EFSA CONTAM Panel 2020, EFSA Journal 18(9):6223, doi:10.2903/j.efsa.2020.6223"
EFSA 2020 Appendix Table C.3,PFHxS,monkey,Male,i.v.,22.8,141 ± 30 d,1.3 ± 0.1,287 ± 52,Sundström et al. (2012),"EFSA CONTAM Panel 2020, EFSA Journal 18(9):6223, doi:10.2903/j.efsa.2020.6223"
