primary_study,primary_year,population,sex,compartment,vd_mL_kg,assigned_or_measured,concentration_measured,steady_state_considerations,source_document
Mondal et al.,2014,"Adult, breastfeeding",Females,Maternal serum,198,assigned,"GM breastfeeding 18.32 ng/mL (95% CI 16.36, 20.50); GM non-breastfeeding 19.26 (16.80, 22.08)",NR,"US EPA 2024, Appendix to the Final Human Health Toxicity Assessment for PFOA, EPA-815R24006, Table B-26 p. B-50"
Zhang et al.,2015a,Adult,Males and females,Whole blood,170,assigned,Mean 2.71; GM 2.47,Steady state assumed,"US EPA 2024, Appendix to the Final Human Health Toxicity Assessment for PFOA, EPA-815R24006, Table B-26 p. B-50"
Zhang et al.,2015a,"Adult, pregnant",Females,Whole blood,170,assigned,Mean 3.36; GM 3.09,Steady state NOT assumed due to variable PFAS levels during pregnancy,"US EPA 2024, Appendix to the Final Human Health Toxicity Assessment for PFOA, EPA-815R24006, Table B-26 p. B-50"
Worley et al.,2017,>12 yr,Males and females,Blood (2016),170,assigned,Mean 11.7 ug/L (95% CI 8.7-14.6),NR,"US EPA 2024, Appendix to the Final Human Health Toxicity Assessment for PFOA, EPA-815R24006, Table B-26 p. B-50"
Worley et al.,2017,>12 yr,Males and females,Blood (2010),170,assigned,Mean 16.3 (95% CI 13.2-19.6),NR,"US EPA 2024, Appendix to the Final Human Health Toxicity Assessment for PFOA, EPA-815R24006, Table B-26 p. B-50"
Fu et al.,2016,"Adult, occupational",Males and females,Serum,170,assigned,"Mean 1,052 ng/mL; median 427 ng/mL",NR,"US EPA 2024, Appendix to the Final Human Health Toxicity Assessment for PFOA, EPA-815R24006, Table B-26 p. B-50"
Zhang et al.,2013c,Adults,Males and females,Serum and whole blood,170,assigned,Mean 3.1 ng/mL,NR,"US EPA 2024, Appendix to the Final Human Health Toxicity Assessment for PFOA, EPA-815R24006, Table B-26 p. B-50"
Shin et al.,2011,"Adult, nonoccupational",Males,Serum,181,assigned,"Median predicted 13.7 ppb; observed 23.5 ppb (updated in Erratum, Shin et al. 2013)",NR,"US EPA 2024, Appendix to the Final Human Health Toxicity Assessment for PFOA, EPA-815R24006, Table B-26 p. B-50"
Shin et al.,2011,"Adult, nonoccupational",Females,Serum,198,assigned,"Median predicted 13.7 ppb; observed 23.5 ppb (updated in Erratum, Shin et al. 2013)",NR,"US EPA 2024, Appendix to the Final Human Health Toxicity Assessment for PFOA, EPA-815R24006, Table B-26 p. B-50"
Gomis et al.,2017,Human and animals,Males and females,Serum,200,assigned,Reports an AVERAGE of human and animal Vd values,"Authors note that due to declining values in U.S. and Australian populations, steady state was not achieved in the past decade","US EPA 2024, Appendix to the Final Human Health Toxicity Assessment for PFOA, EPA-815R24006, Table B-26 p. B-50"
