chemical,evidence,species,sex,study_or_source,year,pmid_or_doi,n,population_or_strain,serum_ng_mL,serum_as_reported,exposure_amount,exposure_units,exposure_as_reported,halflife_y,halflife_ci_low,halflife_ci_high,vd_L_kg,model,estimation_basis,verified_or_source
6:2 Cl-PFESA (F-53B),human study,human,not stated in the abstract,Shi 2016 Cl-PFESA (F-53B),2016,26866980,"72 total: 19 metal plating workers, 45 high fish consumers, 8 background controls","metal plating workers, high fish consumers and background controls",,"range <0.019-5040 across the whole sample; median 93.7 in high fish consumers, 51.5 in metal plating workers, 4.78 in background controls",,,6:2 Cl-PFESA (F-53B) used as a chrome-plating mist suppressant in China; dietary exposure via fish,280,7.1,4230,,one-compartment mass balance from renal clearance,mass balance / renal clearance,abstract
6:2 Cl-PFESA (F-53B),human study,human,not stated in the abstract,Shi 2016 Cl-PFESA (F-53B),2016,26866980,"72 total: 19 metal plating workers, 45 high fish consumers, 8 background controls","metal plating workers, high fish consumers and background controls",,"range <0.019-5040 across the whole sample; median 93.7 in high fish consumers, 51.5 in metal plating workers, 4.78 in background controls",,,6:2 Cl-PFESA (F-53B) used as a chrome-plating mist suppressant in China; dietary exposure via fish,15.3,10.1,56.4,,one-compartment mass balance from reconstructed total intake and measured serum,mass balance from reconstructed intake,abstract
6:2 FTS,human study,human,male,Abraham 2024 controlled oral dose (n=1),2024,39476597,1,single healthy male volunteer (self-experiment by the study's own physician),,back-extrapolated plasma C0 0.399 ug/L (= ng/mL),,,"single oral dose of a mixture of 15 predominantly 13C-labelled PFAS, taken with the volunteer's background PFAS sum below 6.9 ug/L",0.0113,0.0109,0.0118,0.119 (119 mL/kg bw; range 115-122),two-compartment (one-compartment for MPFBA and 6:2FTS); terminal phase t1/2 = ln2/kel; CLtot = kel x Vd,"both - plasma decay for the half-life and Vd, plus a full urinary and faecal mass balance for clearance",full text
DONA,human study,human,male,Abraham 2024 controlled oral dose (n=1),2024,39476597,1,single healthy male volunteer (self-experiment by the study's own physician),,back-extrapolated plasma C0 0.269 ug/L (= ng/mL),,,"single oral dose of a mixture of 15 predominantly 13C-labelled PFAS, taken with the volunteer's background PFAS sum below 6.9 ug/L",0.095,0.088,0.104,0.168 (168 mL/kg bw; range 140-212),two-compartment (one-compartment for MPFBA and 6:2FTS); terminal phase t1/2 = ln2/kel; CLtot = kel x Vd,"both - plasma decay for the half-life and Vd, plus a full urinary and faecal mass balance for clearance",full text
HFPO-DA (GenX),human study,human,male,Abraham 2024 controlled oral dose (n=1),2024,39476597,1,single healthy male volunteer (self-experiment by the study's own physician),,back-extrapolated plasma C0 1.341 ug/L (= ng/mL),,,"single oral dose of a mixture of 15 predominantly 13C-labelled PFAS, taken with the volunteer's background PFAS sum below 6.9 ug/L",0.0078,0.0077,0.0079,0.177 (177 mL/kg bw; range 172-183),two-compartment (one-compartment for MPFBA and 6:2FTS); terminal phase t1/2 = ln2/kel; CLtot = kel x Vd,"both - plasma decay for the half-life and Vd, plus a full urinary and faecal mass balance for clearance",full text
HFPO-DA (GenX),human study,human,not reported,Chemours occupational GenX data (via Fustinoni 2023 Table 5),2021,,18,"fluorochemical workers, Chemours Dordrecht",,not reported,,,occupational HFPO-DA handling; samples taken before and after an off-work weekend of 3-4 days,0.0092,0.0030,0.0155,,first-order,serum decay,secondary
PFBA,animal experiment,mouse,Female,EPA CPHEA population PK fit,,,18,,26750.3,26750.281145 (median of 18 observations),30.0,mg/kg single,10.0-100.0 mg/kg single,0.00051,,,0.214073,2-compartment,serum decay,EPA CPHEA fits via ../species_dose
PFBA,animal experiment,mouse,Male,EPA CPHEA population PK fit,,,21,,51930,51930.0 (median of 21 observations),30.0,mg/kg single,10.0-100.0 mg/kg single,0.00198,,,0.288048,2-compartment,serum decay,EPA CPHEA fits via ../species_dose
PFBA,animal experiment,primate,Female,EPA CPHEA population PK fit,,,26,,149.651,149.65111124999999 (median of 26 observations),10.0,mg/kg single,10.0-10.0 mg/kg single,0.00061,,,0.436852,2-compartment,serum decay,EPA CPHEA fits via ../species_dose
PFBA,animal experiment,primate,Male,EPA CPHEA population PK fit,,,25,,103.725,103.7246772 (median of 25 observations),10.0,mg/kg single,10.0-10.0 mg/kg single,0.00054,,,0.592225,2-compartment,serum decay,EPA CPHEA fits via ../species_dose
PFBA,animal experiment,rat,Female,EPA CPHEA population PK fit,,,17,,11263.2,11263.24368 (median of 17 observations),30.0,mg/kg single,30.0-30.0 mg/kg single,0.00027,,,0.221396,2-compartment,serum decay,EPA CPHEA fits via ../species_dose
PFBA,animal experiment,rat,Male,EPA CPHEA population PK fit,,,18,,76111.4,76111.44481 (median of 18 observations),30.0,mg/kg single,30.0-30.0 mg/kg single,0.00095,,,0.216648,2-compartment,serum decay,EPA CPHEA fits via ../species_dose
PFBA,human study,human,both,Chang 2008 PFBA workers (via Fustinoni 2023 Table 5),2008,18353799,9 (2 female),fluorochemical workers removed from the workplace for more than 7 days,2,2-71 ug/L (= ng/mL) range of C0,,,PFBA occupational exposure; workers removed from the workplace for >7 days,0.0082,0.0049,0.0115,,first-order,serum decay,secondary
PFBA,human study,human,male,Abraham 2024 controlled oral dose (n=1),2024,39476597,1,single healthy male volunteer (self-experiment by the study's own physician),,back-extrapolated plasma C0 0.371 ug/L (= ng/mL),,,"single oral dose of a mixture of 15 predominantly 13C-labelled PFAS, taken with the volunteer's background PFAS sum below 6.9 ug/L",0.0114,0.0111,0.0118,0.132 (132 mL/kg bw; range 128-136),two-compartment (one-compartment for MPFBA and 6:2FTS); terminal phase t1/2 = ln2/kel; CLtot = kel x Vd,"both - plasma decay for the half-life and Vd, plus a full urinary and faecal mass balance for clearance",full text
PFBS,animal experiment,mouse,Female,EPA CPHEA population PK fit,,,64,,55355.5,55355.5 (median of 64 observations),300.0,mg/kg single,30.0-300.0 mg/kg single,0.00034,,,0.356871,2-compartment,serum decay,EPA CPHEA fits via ../species_dose
PFBS,animal experiment,mouse,Male,EPA CPHEA population PK fit,,,72,,118255,118255.0 (median of 72 observations),300.0,mg/kg single,30.0-300.0 mg/kg single,0.00051,,,0.3095,2-compartment,serum decay,EPA CPHEA fits via ../species_dose
PFBS,animal experiment,primate,Female,EPA CPHEA population PK fit,,,44,,7982.96,7982.9582655 (median of 44 observations),10.0,mg/kg single,10.0-10.0 mg/kg single,0.00144,,,0.298467,2-compartment,serum decay,EPA CPHEA fits via ../species_dose
PFBS,animal experiment,primate,Male,EPA CPHEA population PK fit,,,42,,8399.87,8399.868433 (median of 42 observations),10.0,mg/kg single,10.0-10.0 mg/kg single,0.00154,,,0.26996,2-compartment,serum decay,EPA CPHEA fits via ../species_dose
PFBS,animal experiment,rat,Female,EPA CPHEA population PK fit,,,159,,7940,7940.0 (median of 159 observations),20.0,mg/kg single,4.0-100.0 mg/kg single,0.00011,,,0.305104,2-compartment,serum decay,EPA CPHEA fits via ../species_dose
PFBS,animal experiment,rat,Male,EPA CPHEA population PK fit,,,203,,18500,18500.0 (median of 203 observations),20.0,mg/kg single,4.0-300.0 mg/kg single,0.00033,,,0.223899,2-compartment,serum decay,EPA CPHEA fits via ../species_dose
PFBS,human study,human,both,Olsen 2009 PFBS workers,2009,,"6 to 7 (Rosato gives 6, 16.7% female; Xu 2020 cites 7)",workers exposed to PFBS,397,397 mean; 363 median,,,PFBS manufacture; workers removed from exposure,0.0707,0.0359,0.125,,first-order,serum decay,secondary
PFBS,human study,human,both (35% female),Xu 2020 Arvidsjaur airport,2020,32648786,17 (of 26 employees sampled at baseline),employees of Arvidsjaur regional airport,0.33,"0.33 (<LOD-1.3) (median, range; first sample from all 26 employees); serum/water ratio 1.65",5.71,ng/kg/day intake,"5.71 if 2 L/day at 70 kg were drunk at work - DERIVED BY US, and an overestimate because exposure was occupational only",0.12,0.10,0.15,,"linear mixed model with random intercept (random slope dropped - failed to converge), age and sex as covariates, log-transformed serum","serum decay (paired urine measured separately for urine/serum ratios, not used in the half-life)",full text
PFBS,human study,human,male,Abraham 2024 controlled oral dose (n=1),2024,39476597,1,single healthy male volunteer (self-experiment by the study's own physician),,back-extrapolated plasma C0 1.641 ug/L (= ng/mL),,,"single oral dose of a mixture of 15 predominantly 13C-labelled PFAS, taken with the volunteer's background PFAS sum below 6.9 ug/L",0.139,0.131,0.147,0.137 (137 mL/kg bw; range 134-140),two-compartment (one-compartment for MPFBA and 6:2FTS); terminal phase t1/2 = ln2/kel; CLtot = kel x Vd,"both - plasma decay for the half-life and Vd, plus a full urinary and faecal mass balance for clearance",full text
PFBS,human study,human,mixed,DERIVED: PFBS half-life vs serum concentration across three human studies,2026,,3 study-level points (Olsen 2009 n<=7; Xu 2020 n=17; Abraham 2024 n=1),three independent human cohorts,397,"397 (Olsen 2009, mean), 0.33 (Xu 2020, median), 1.64 (Abraham 2024, plasma C0)",,,"occupational manufacture (Olsen), contaminated airport drinking water (Xu), single known oral dose (Abraham)",,,,,first-order in all three,serum decay in all three,derived
PFDA,animal experiment,rat,Female,EPA CPHEA population PK fit,,,210,,6765,6765.0 (median of 210 observations),2.0,mg/kg single,1.0-48.64 mg/kg single,0.18830,,,0.30071,2-compartment,serum decay,EPA CPHEA fits via ../species_dose
PFDA,animal experiment,rat,Male,EPA CPHEA population PK fit,,,208,,5245,5245.0 (median of 208 observations),2.0,mg/kg single,1.0-48.64 mg/kg single,0.24204,,,0.405538,2-compartment,serum decay,EPA CPHEA fits via ../species_dose
PFDA,human study,human,male,Abraham 2024 controlled oral dose (n=1),2024,39476597,1,single healthy male volunteer (self-experiment by the study's own physician),,back-extrapolated plasma C0 0.266 ug/L (= ng/mL),,,"single oral dose of a mixture of 15 predominantly 13C-labelled PFAS, taken with the volunteer's background PFAS sum below 6.9 ug/L",2.360,1.993,2.894,0.184 (184 mL/kg bw; range 180-188),two-compartment (one-compartment for MPFBA and 6:2FTS); terminal phase t1/2 = ln2/kel; CLtot = kel x Vd,"both - plasma decay for the half-life and Vd, plus a full urinary and faecal mass balance for clearance",full text
PFDoDA,human study,human,male,Abraham 2024 controlled oral dose (n=1),2024,39476597,1,single healthy male volunteer (self-experiment by the study's own physician),,back-extrapolated plasma C0 0.129 ug/L (= ng/mL),,,"single oral dose of a mixture of 15 predominantly 13C-labelled PFAS, taken with the volunteer's background PFAS sum below 6.9 ug/L",0.808,0.750,0.879,0.354 (354 mL/kg bw; range 342-368),two-compartment (one-compartment for MPFBA and 6:2FTS); terminal phase t1/2 = ln2/kel; CLtot = kel x Vd,"both - plasma decay for the half-life and Vd, plus a full urinary and faecal mass balance for clearance",full text
PFHpA,human study,human,both (35% female),Xu 2020 Arvidsjaur airport,2020,32648786,17 (of 26 employees sampled at baseline),employees of Arvidsjaur regional airport,0.46,"0.46 (0.07-2.2) (median, range; first sample from all 26 employees); serum/water ratio 4.74",2.77,ng/kg/day intake,"2.77 if 2 L/day at 70 kg were drunk at work - DERIVED BY US, and an overestimate because exposure was occupational only",0.17,0.14,0.22,,"linear mixed model with random intercept (random slope dropped - failed to converge), age and sex as covariates, log-transformed serum","serum decay (paired urine measured separately for urine/serum ratios, not used in the half-life)",full text
PFHpA,human study,human,"both, analysed as 'young females' vs 'all males and older females'",Zhang 2013 (primary-source correction),2013,23980546,86 blood-urine pairs,"general population, paired serum and urine",,,,,background dietary and environmental exposure only - no cessation and no contaminated source,0.82,,,"0.17 assumed for all PFCAs, 0.23 for all PFSAs (Zhang 2013 Methods, citing Thompson et al.)","one-compartment mass balance: t1/2 = 0.693 x V / CLtotal, with CLtotal set equal to CLrenal (plus menstrual clearance for young females)",mass balance / renal clearance,full text
PFHpA,human study,human,"both, analysed as 'young females' vs 'all males and older females'",Zhang 2013 (primary-source correction),2013,23980546,86 blood-urine pairs,"general population, paired serum and urine",,,,,background dietary and environmental exposure only - no cessation and no contaminated source,1.0,,,"0.17 assumed for all PFCAs, 0.23 for all PFSAs (Zhang 2013 Methods, citing Thompson et al.)","one-compartment mass balance: t1/2 = 0.693 x V / CLtotal, with CLtotal set equal to CLrenal (plus menstrual clearance for young females)",mass balance / renal clearance,full text
PFHpA,human study,human,male,Abraham 2024 controlled oral dose (n=1),2024,39476597,1,single healthy male volunteer (self-experiment by the study's own physician),,back-extrapolated plasma C0 0.362 ug/L (= ng/mL),,,"single oral dose of a mixture of 15 predominantly 13C-labelled PFAS, taken with the volunteer's background PFAS sum below 6.9 ug/L",0.416,0.402,0.430,0.128 (128 mL/kg bw; range 125-131),two-compartment (one-compartment for MPFBA and 6:2FTS); terminal phase t1/2 = ln2/kel; CLtot = kel x Vd,"both - plasma decay for the half-life and Vd, plus a full urinary and faecal mass balance for clearance",full text
PFHpA,human study,human,male,Russell 2013 ski wax technicians,2013,,5,technicians working with fluorinated ski wax,,,,,fluorinated ski wax fume,0.192,,,,first-order,serum/whole-blood decay,secondary
PFHpS,human study,human,both (3% female),Nilsson 2022a Australian firefighters (background audit),2022,36162311,130 with paired samples (of 799 sampled in 2018-19),current and former employees of an Australian firefighting services corporation,,arithmetic mean PFHpS 1.7 ng/mL in 2018-19 (abstract),,,"AFFF used from the 1980s until 2010, then replaced with fluorine-free foam; firefighters continued to work at PFAS-contaminated sites",7.4,,,,first-order; individual apparent half-lives then averaged,serum decay,abstract
PFHpS,human study,human,both (35% female),Xu 2020 Arvidsjaur airport,2020,32648786,17 (of 26 employees sampled at baseline),employees of Arvidsjaur regional airport,1.3,"1.3 (0.28-6.2) (median, range; first sample from all 26 employees); serum/water ratio 81.3",0.46,ng/kg/day intake,"0.46 if 2 L/day at 70 kg were drunk at work - DERIVED BY US, and an overestimate because exposure was occupational only",1.46,0.83,6.25,,"linear mixed model with random intercept (random slope dropped - failed to converge), age and sex as covariates, log-transformed serum","serum decay (paired urine measured separately for urine/serum ratios, not used in the half-life)",full text
PFHpS,human study,human,both (35% female),Xu 2020 Arvidsjaur airport,2020,32648786,17 (of 26 employees sampled at baseline),employees of Arvidsjaur regional airport,1.3,"1.3 (0.28-6.2) (median, range); serum/water ratio 81.3",16,ng/L drinking water,16,1.35,0.77,5.71,,"linear mixed model with random intercept (random slope dropped - failed to converge), age and sex as covariates, log-transformed serum","serum decay (paired urine measured separately for urine/serum ratios, not used in the half-life)",full text
PFHxA,animal experiment,mouse,Female,EPA CPHEA population PK fit,,,64,,23250,23250.0 (median of 64 observations),100.0,mg/kg single,2.0-350.0 mg/kg single,0.00069,,,1.525444,2-compartment,serum decay,EPA CPHEA fits via ../species_dose
PFHxA,animal experiment,mouse,Male,EPA CPHEA population PK fit,,,21,,1601.4,1601.401703 (median of 21 observations),100.0,mg/kg single,2.0-100.0 mg/kg single,0.00059,,,0.686878,2-compartment,serum decay,EPA CPHEA fits via ../species_dose
PFHxA,animal experiment,primate,Female,EPA CPHEA population PK fit,,,13,,3078,3078.0 (median of 13 observations),10.0,mg/kg single,10.0-10.0 mg/kg single,0.00015,,,0.3926,2-compartment,serum decay,EPA CPHEA fits via ../species_dose
PFHxA,animal experiment,primate,Male,EPA CPHEA population PK fit,,,16,,1990.5,1990.5 (median of 16 observations),10.0,mg/kg single,10.0-10.0 mg/kg single,0.00033,,,0.827407,2-compartment,serum decay,EPA CPHEA fits via ../species_dose
PFHxA,animal experiment,rat,Female,EPA CPHEA population PK fit,,,129,,24200,24200.0 (median of 129 observations),80.0,mg/kg single,2.0-160.0 mg/kg single,0.00009,,,0.387792,2-compartment,serum decay,EPA CPHEA fits via ../species_dose
PFHxA,animal experiment,rat,Male,EPA CPHEA population PK fit,,,162,,34900,34900.0 (median of 162 observations),45.0,mg/kg single,0.1-300.0 mg/kg single,0.00026,,,0.426385,2-compartment,serum decay,EPA CPHEA fits via ../species_dose
PFHxA,human study,human,both (35% female),Xu 2020 Arvidsjaur airport,2020,32648786,17 (of 26 employees sampled at baseline),employees of Arvidsjaur regional airport,0.38,"0.38 (0.16-1.1) (median, range; first sample from all 26 employees); serum/water ratio 1.15",9.43,ng/kg/day intake,"9.43 if 2 L/day at 70 kg were drunk at work - DERIVED BY US, and an overestimate because exposure was occupational only",1.63,,,,"linear mixed model with random intercept (random slope dropped - failed to converge), age and sex as covariates, log-transformed serum","serum decay (paired urine measured separately for urine/serum ratios, not used in the half-life)",full text
PFHxA,human study,human,male,Abraham 2024 controlled oral dose (n=1),2024,39476597,1,single healthy male volunteer (self-experiment by the study's own physician),,back-extrapolated plasma C0 0.409 ug/L (= ng/mL),,,"single oral dose of a mixture of 15 predominantly 13C-labelled PFAS, taken with the volunteer's background PFAS sum below 6.9 ug/L",0.0040,0.0039,0.0041,0.119 (119 mL/kg bw; range 113-126),two-compartment (one-compartment for MPFBA and 6:2FTS); terminal phase t1/2 = ln2/kel; CLtot = kel x Vd,"both - plasma decay for the half-life and Vd, plus a full urinary and faecal mass balance for clearance",full text
PFHxA,human study,human,male (0% female),Russell 2013 ski wax technicians,2013,,7,technicians working with fluorinated ski wax,1.9,"1.9 mean, 0.68 median in SERUM (Rosato 2024 Table 3); the half-life was measured in whole blood, not serum",,,inhalation of fluorinated ski wax fume during the ski season; exposure ceased at the end of the season,0.0876,0.0383,0.134,,first-order,serum/whole-blood decay,secondary
PFHxS,animal experiment,mouse,Female,EPA CPHEA population PK fit,,,16,,8831.68,8831.683168 (median of 16 observations),10.5,mg/kg single,1.0-20.0 mg/kg single,0.07301,,,0.120661,1-compartment,serum decay,EPA CPHEA fits via ../species_dose
PFHxS,animal experiment,mouse,Male,EPA CPHEA population PK fit,,,16,,8012.1,8012.101210000001 (median of 16 observations),10.5,mg/kg single,1.0-20.0 mg/kg single,0.07501,,,0.150581,1-compartment,serum decay,EPA CPHEA fits via ../species_dose
PFHxS,animal experiment,primate,Female,EPA CPHEA population PK fit,,,45,,41397.6,41397.64288 (median of 45 observations),10.0,mg/kg single,10.0-10.0 mg/kg single,0.20363,,,0.222934,2-compartment,serum decay,EPA CPHEA fits via ../species_dose
PFHxS,animal experiment,primate,Male,EPA CPHEA population PK fit,,,45,,37594.5,37594.47976 (median of 45 observations),10.0,mg/kg single,10.0-10.0 mg/kg single,0.48636,,,0.272014,2-compartment,serum decay,EPA CPHEA fits via ../species_dose
PFHxS,animal experiment,rat,Female,EPA CPHEA population PK fit,,,225,,10100,10100.0 (median of 225 observations),4.0,mg/kg single,0.5-32.0 mg/kg single,0.00478,,,0.239644,2-compartment,serum decay,EPA CPHEA fits via ../species_dose
PFHxS,animal experiment,rat,Male,EPA CPHEA population PK fit,,,211,,28000,28000.0 (median of 211 observations),10.0,mg/kg single,4.0-32.0 mg/kg single,0.08135,,,0.20155,2-compartment,serum decay,EPA CPHEA fits via ../species_dose
PFHxS,human study,human,both,Batzella 2024 Veneto,2024,38306197,5757,Veneto 'Red Area' residents in the regional health surveillance plan,4.3,4.3 median (range 0.5-109.2),,,groundwater contaminated by the Miteni plant (active from the late 1960s); GAC filtration from Aug 2013,5.39,5.28,5.51,,linear mixed effects with subject-specific intercept and slope; individual rates by BLUP; covariate x elapsed-time interactions,serum decay,full text
PFHxS,human study,human,both (3% female),Nilsson 2022a Australian firefighters (background audit),2022,36162311,130 with paired samples (of 799 sampled in 2018-19),current and former employees of an Australian firefighting services corporation,,mean linear PFHxS 14 ng/mL (same caution),,,"AFFF used from the 1980s until 2010, then replaced with fluorine-free foam; firefighters continued to work at PFAS-contaminated sites",7.8,7.3,8.3,,first-order; individual apparent half-lives then averaged,serum decay,secondary
PFHxS,human study,human,both (3% female),Nilsson 2022a Australian firefighters (background audit),2022,36162311,130 with paired samples (of 799 sampled in 2018-19),current and former employees of an Australian firefighting services corporation,,mean linear PFHxS 14 ng/mL,,,"AFFF used from the 1980s until 2010, then replaced with fluorine-free foam; firefighters continued to work at PFAS-contaminated sites",6.0,5.5,6.5,,first-order; individual apparent half-lives then averaged,serum decay,secondary
PFHxS,human study,human,both (35% female),Xu 2020 Arvidsjaur airport,2020,32648786,17 (of 26 employees sampled at baseline),employees of Arvidsjaur regional airport,76,"76 (17-402); median 133 in the 17 followed (median, range; first sample from all 26 employees); serum/water ratio 107",20.29,ng/kg/day intake,"20.29 if 2 L/day at 70 kg were drunk at work - DERIVED BY US, and an overestimate because exposure was occupational only",2.86,2.1,4.47,,"linear mixed model with random intercept (random slope dropped - failed to converge), age and sex as covariates, log-transformed serum","serum decay (paired urine measured separately for urine/serum ratios, not used in the half-life)",full text
PFHxS,human study,human,both (35% female),Xu 2020 Arvidsjaur airport,2020,32648786,17 (of 26 employees sampled at baseline),employees of Arvidsjaur regional airport,76,"76 (17-402); median 133 in the 17 followed (median, range); serum/water ratio 107",710,ng/L drinking water,710,2.84,2.08,4.43,,"linear mixed model with random intercept (random slope dropped - failed to converge), age and sex as covariates, log-transformed serum","serum decay (paired urine measured separately for urine/serum ratios, not used in the half-life)",full text
PFHxS,human study,human,both (7.7% female),Olsen 2007 retired 3M workers (exposure audit),2007,17805419,"26 (24 male, 2 female)","retired fluorochemical production workers, 3M Minnesota",290,"290 mean (range 16-1,295)",,,fluorochemical manufacture; exposure ceased at retirement,8.5,6.4,10.6,"0.287 male / 0.213 female (Sundstrom 2012, cynomolgus MONKEY)","first-order log-linear fitted per individual, then averaged",serum decay,secondary
PFHxS,human study,human,"both (father, mother, 4 children)",Genuis 2014 phlebotomy case series,2014,25504057,6 members of one family,one highly exposed Canadian family,125,"125 average before treatment (father 44.1, mother 29.3, children 78.6 / 140 / 293 / 167)",,,not identified in the paper; family had serum PFHxS up to 20x the Canadian 95th percentile,,,,"not estimated; the paper notes PFAAs have 'small volumes of distribution, meaning they are primarily distributed in the blood'",simple exponential decay fitted per individual; apparent half-life (HLapp) compared with the intrinsic half-life of Olsen 2007's retirees,serum decay under an intervention,full text
PFHxS,human study,human,"both, analysed as 'young females' vs 'all males and older females'",Zhang 2013 (primary-source correction),2013,23980546,86 blood-urine pairs,"general population, paired serum and urine",,,,,background dietary and environmental exposure only - no cessation and no contaminated source,7.1,,,"0.17 assumed for all PFCAs, 0.23 for all PFSAs (Zhang 2013 Methods, citing Thompson et al.)","one-compartment mass balance: t1/2 = 0.693 x V / CLtotal, with CLtotal set equal to CLrenal (plus menstrual clearance for young females)",mass balance / renal clearance,full text
PFHxS,human study,human,"both, analysed as 'young females' vs 'all males and older females'",Zhang 2013 (primary-source correction),2013,23980546,86 blood-urine pairs,"general population, paired serum and urine",,,,,background dietary and environmental exposure only - no cessation and no contaminated source,25,,,"0.17 assumed for all PFCAs, 0.23 for all PFSAs (Zhang 2013 Methods, citing Thompson et al.)","one-compartment mass balance: t1/2 = 0.693 x V / CLtotal, with CLtotal set equal to CLrenal (plus menstrual clearance for young females)",mass balance / renal clearance,full text
PFHxS,human study,human,female,Lyu 2026 Tokyo Tama,2026,41548900,8,"Tama region, Tokyo",,,,,as Lyu 2026 main rows,5.4,3.7,9.8,,first-order,serum decay,full text
PFHxS,human study,human,female,Lyu 2026 Tokyo Tama,2026,41548900,9,"Tama region, Tokyo",,,,,as Lyu 2026 main rows,6.1,5.3,7.2,,first-order,serum decay,full text
PFHxS,human study,human,female (all),Lyu 2026 Tokyo Tama,2026,41548900,17,"long-term residents of the Tama region, western Tokyo",21,"21.0 GM in 2020 (median 22.0, range 5.2-81.0)",,,groundwater contaminated via a sewage plant handling wastewater from Yokota Air Force Base; contaminated wells withdrawn from tap-water use June 2019,5.7,4.6,7.5,,"first-order kinetics; point estimate from the mean elimination rate, individual rates also computed",serum decay,full text
PFHxS,human study,human,female (all),Lyu 2026 Tokyo Tama,2026,41548900,17,"long-term residents of the Tama region, western Tokyo",21,21.0 GM in 2020,,,groundwater contaminated via a sewage plant handling wastewater from Yokota Air Force Base; contaminated wells withdrawn from tap-water use June 2019,5.6,4.5,7.4,,"first-order kinetics; point estimate from the mean elimination rate, individual rates also computed",serum decay,full text
PFHxS,human study,human,male,Abraham 2024 controlled oral dose (n=1),2024,39476597,1,single healthy male volunteer (self-experiment by the study's own physician),,back-extrapolated plasma C0 0.367 ug/L (= ng/mL),,,"single oral dose of a mixture of 15 predominantly 13C-labelled PFAS, taken with the volunteer's background PFAS sum below 6.9 ug/L",4.474,3.192,7.483,0.125 (125 mL/kg bw; range 122-128),two-compartment (one-compartment for MPFBA and 6:2FTS); terminal phase t1/2 = ln2/kel; CLtot = kel x Vd,"both - plasma decay for the half-life and Vd, plus a full urinary and faecal mass balance for clearance",full text
PFHxS,human study,human,male (97.9%),Gasiorowski 2022 blood/plasma donation RCT,2022,35394514,285 total (95 per arm),Fire Rescue Victoria staff and contractors with serum PFOS >=5 ng/mL,,"plasma arm 3.9 (SD 5.7); blood arm 3.6 (5.0); observation arm 5.2 (15.0); whole cohort 4.2 (9.7), range 0-140",,,"historical AFFF use; the intervention is the removal route, not the exposure",,,,,"general linear model on mean change, controlling for baseline; intention to treat; outliers winsorised at 3 SD; bootstrapped",neither - measured change in serum concentration under a controlled removal; no half-life was computed,full text
PFHxS,human study,human,mixed; workers predominantly male,Rosato 2024 meta-analysis (narrative pooled values),2024,38008199,"13 studies: 5 exposed general populations, 8 exposed workers; sample sizes 4-200, average 69",systematic review and random-effects meta-analysis,,,,,drinking water in all five general-population studies; occupational in all eight worker studies,5.31,3.68,6.94,,random-effects meta-analysis of study-level means; OHAT risk-of-bias tool,"serum decay only - studies estimating half-life 'based solely on renal clearance' were an explicit EXCLUSION (Zhou 2014, Zhang 2015, Gao 2015, Fujii 2015, Shi 2016), as were temporal-trend studies (10 of them) and studies where the main exposure was still present or cessation was not clearly defined (Ding 2020, Fu 2016, Gribble 2015, Harada 2005 and 2007, Worley 2017, Zhang 2013a/b)",full text
PFHxS,human study,human,not stated (both present per MeSH),Delaere 2025 SAMFS voluntary treatment programme,2025,40540942,19,South Australian Metropolitan Fire Service firefighters from a station identified in a 2018/19 biomonitoring survey (n=916) as having substantially elevated PFOS and PFHxS,,not reported; average maximum decrease 37 ng/mL,,,historical AFFF exposure at one fire station,2.5,,,,one-compartment first-order elimination kinetics on each participant's maximum and minimum serum concentration,serum decay,abstract
PFHxS,human study,human,not stated (both present per MeSH),Delaere 2025 SAMFS voluntary treatment programme,2025,40540942,9,South Australian Metropolitan Fire Service firefighters from a station identified in a 2018/19 biomonitoring survey (n=916) as having substantially elevated PFOS and PFHxS,,not reported; average maximum decrease 6 ng/mL,,,historical AFFF exposure at one fire station,9.4,,,,one-compartment first-order elimination kinetics on each participant's maximum and minimum serum concentration,serum decay,abstract
PFNA,animal experiment,mouse,Female,EPA CPHEA population PK fit,,,80,,6456.01,6456.01 (median of 80 observations),5.5,mg/kg single,1.0-10.0 mg/kg single,0.16274,,,0.348445,2-compartment,serum decay,EPA CPHEA fits via ../species_dose
PFNA,animal experiment,mouse,Male,EPA CPHEA population PK fit,,,80,,3599.45,3599.4499999999994 (median of 80 observations),5.5,mg/kg single,1.0-10.0 mg/kg single,0.62275,,,0.602612,2-compartment,serum decay,EPA CPHEA fits via ../species_dose
PFNA,animal experiment,rat,Female,EPA CPHEA population PK fit,,,161,,530,530.0 (median of 161 observations),3.0,mg/kg single,0.5-48.64 mg/kg single,0.00775,,,0.277795,2-compartment,serum decay,EPA CPHEA fits via ../species_dose
PFNA,animal experiment,rat,Male,EPA CPHEA population PK fit,,,131,,6540,6540.0 (median of 131 observations),3.0,mg/kg single,0.05-48.64 mg/kg single,0.14708,,,0.23975,2-compartment,serum decay,EPA CPHEA fits via ../species_dose
PFNA,human study,human,both (Rosato: 69.2% female),Yu 2021 New Jersey PFNA,2021,33962122,"68 high-exposed participants (of 120 recruited, 99 completing all three samples)",residents of New Jersey communities whose public water systems or private wells had elevated PFNA,,"Rosato 2024 Table 2 gives median PFNA 2,882 and GM 2,979 under a column headed ng/mL. These must be ng/L (= 2.88 and 2.98 ng/mL), because the abstract states participants exceeded the NHANES 95th percentile for PFNA, which is of order 2-3 ng/mL. UNIT DISCREPANCY FLAGGED - do not use 2,882 ng/mL.",,,PFNA in public water systems and private wells; drinking-water interventions carried out 2014-2016,3.52,,,,mixed model with physiological covariates,serum decay,abstract
PFNA,human study,human,male,Abraham 2024 controlled oral dose (n=1),2024,39476597,1,single healthy male volunteer (self-experiment by the study's own physician),,back-extrapolated plasma C0 0.394 ug/L (= ng/mL),,,"single oral dose of a mixture of 15 predominantly 13C-labelled PFAS, taken with the volunteer's background PFAS sum below 6.9 ug/L",3.573,2.886,4.698,0.124 (124 mL/kg bw; range 122-127),two-compartment (one-compartment for MPFBA and 6:2FTS); terminal phase t1/2 = ln2/kel; CLtot = kel x Vd,"both - plasma decay for the half-life and Vd, plus a full urinary and faecal mass balance for clearance",full text
"PFNA, PFBS, PFHxA, short-chain PFAS",human study,human,mixed; workers predominantly male,Rosato 2024 meta-analysis (narrative pooled values),2024,38008199,"13 studies: 5 exposed general populations, 8 exposed workers; sample sizes 4-200, average 69",systematic review and random-effects meta-analysis,,,,,drinking water in all five general-population studies; occupational in all eight worker studies,,,,,random-effects meta-analysis of study-level means; OHAT risk-of-bias tool,"serum decay only - studies estimating half-life 'based solely on renal clearance' were an explicit EXCLUSION (Zhou 2014, Zhang 2015, Gao 2015, Fujii 2015, Shi 2016), as were temporal-trend studies (10 of them) and studies where the main exposure was still present or cessation was not clearly defined (Ding 2020, Fu 2016, Gribble 2015, Harada 2005 and 2007, Worley 2017, Zhang 2013a/b)",full text
PFOA,animal experiment,mouse,Female,EPA CPHEA population PK fit,,,243,,15800,15800.0 (median of 243 observations),10.0,mg/kg single,1.0-60.0 mg/kg single,0.05873,,,0.298502,2-compartment,serum decay,EPA CPHEA fits via ../species_dose
PFOA,animal experiment,mouse,Male,EPA CPHEA population PK fit,,,179,,6570,6570.0 (median of 179 observations),10.0,mg/kg single,1.0-10.0 mg/kg single,0.07017,,,0.252157,2-compartment,serum decay,EPA CPHEA fits via ../species_dose
PFOA,animal experiment,primate,Female,EPA CPHEA population PK fit,,,45,,41940,41940.0 (median of 45 observations),10.0,mg/kg single,10.0-10.0 mg/kg single,0.06938,,,0.169426,1-compartment,serum decay,EPA CPHEA fits via ../species_dose
PFOA,animal experiment,primate,Male,EPA CPHEA population PK fit,,,43,,39450,39450.0 (median of 43 observations),10.0,mg/kg single,10.0-10.0 mg/kg single,0.03134,,,0.179014,1-compartment,serum decay,EPA CPHEA fits via ../species_dose
PFOA,animal experiment,rat,Female,EPA CPHEA population PK fit,,,377,,3704,3704.0 (median of 377 observations),5.0,mg/kg single,0.1-320.0 mg/kg single,0.00189,,,0.648622,2-compartment,serum decay,EPA CPHEA fits via ../species_dose
PFOA,animal experiment,rat,Male,EPA CPHEA population PK fit,,,860,,3660,3660.0 (median of 860 observations),1.0,mg/kg single,0.1-48.64 mg/kg single,0.03888,,,0.289453,2-compartment,serum decay,EPA CPHEA fits via ../species_dose
PFOA,human study,human,,"Thompson 2010 (assumed Vd, as used by Zhang 2013)",2010,,,pharmacokinetic modelling with assumed daily intake of contaminated drinking water,,,,,,,,,0.17 (170 mL/kg) per Zhang 2013 Methods,,n/a - Vd row,secondary
PFOA,human study,human,both,Batzella 2024 Veneto,2024,38306197,not stated (subgroup aged <14 y),Veneto 'Red Area' residents in the regional health surveillance plan,,,,,groundwater contaminated by the Miteni plant (active from the late 1960s); GAC filtration from Aug 2013,1.64,1.58,1.70,,linear mixed effects with subject-specific intercept and slope; individual rates by BLUP; covariate x elapsed-time interactions,serum decay,full text
PFOA,human study,human,both,Batzella 2024 Veneto,2024,38306197,~1465,Veneto 'Red Area' residents in the regional health surveillance plan,,lowest quartile of baseline PFOA (cohort median 49),,,groundwater contaminated by the Miteni plant (active from the late 1960s); GAC filtration from Aug 2013,1.92,1.86,1.98,,linear mixed effects with subject-specific intercept and slope; individual rates by BLUP; covariate x elapsed-time interactions,serum decay,full text
PFOA,human study,human,both,Batzella 2024 Veneto,2024,38306197,~1465,Veneto 'Red Area' residents in the regional health surveillance plan,,highest quartile of baseline PFOA,,,groundwater contaminated by the Miteni plant (active from the late 1960s); GAC filtration from Aug 2013,2.85,2.79,2.92,,linear mixed effects with subject-specific intercept and slope; individual rates by BLUP; covariate x elapsed-time interactions,serum decay,full text
PFOA,human study,human,both,Batzella 2024 Veneto,2024,38306197,5860,Veneto 'Red Area' residents in the regional health surveillance plan,49,49 median,,,groundwater contaminated by the Miteni plant (active from the late 1960s); GAC filtration from Aug 2013,2.71,,,,linear mixed effects with subject-specific intercept and slope; individual rates by BLUP; covariate x elapsed-time interactions,serum decay,derived
PFOA,human study,human,both,Lewis-Michl 2025 Hoosick Falls,2025,40247098,307,Village of Hoosick Falls public water consumers,70.7,70.7 GM,533.6,ng/L drinking water,533.6 average of 25 samples Nov 2014-Feb 2016 (range 422-983),3.65,3.34,3.95,,two-point first-order per individual: k = ln(Cp1/Cp2)/(t2-t1),serum decay,full text
PFOA,human study,human,both,Lewis-Michl 2025 Hoosick Falls,2025,40247098,307,Village of Hoosick Falls public water consumers,70.7,70.7 GM,533.6,ng/L drinking water,533.6 average of 25 samples Nov 2014-Feb 2016 (range 422-983),2.86,,,,two-point first-order per individual: k = ln(Cp1/Cp2)/(t2-t1),serum decay,full text
PFOA,human study,human,both,Lewis-Michl 2025 Hoosick Falls,2025,40247098,307,Village of Hoosick Falls public water consumers,,,533.6,ng/L drinking water,533.6 average of 25 samples Nov 2014-Feb 2016 (range 422-983),3.26,,,,two-point first-order per individual: k = ln(Cp1/Cp2)/(t2-t1),serum decay,full text
PFOA,human study,human,both,Lewis-Michl 2025 Hoosick Falls,2025,40247098,29,Village of Hoosick Falls public water consumers,,,533.6,ng/L drinking water,533.6 average of 25 samples Nov 2014-Feb 2016 (range 422-983),1.96,1.69,2.27,,two-point first-order per individual: k = ln(Cp1/Cp2)/(t2-t1),serum decay,full text
PFOA,human study,human,both,Lewis-Michl 2025 Hoosick Falls,2025,40247098,38,Village of Hoosick Falls public water consumers,,,533.6,ng/L drinking water,533.6 average of 25 samples Nov 2014-Feb 2016 (range 422-983),2.65,2.17,3.23,,two-point first-order per individual: k = ln(Cp1/Cp2)/(t2-t1),serum decay,full text
PFOA,human study,human,both,Lewis-Michl 2025 Hoosick Falls,2025,40247098,93,Village of Hoosick Falls public water consumers,,,533.6,ng/L drinking water,533.6 average of 25 samples Nov 2014-Feb 2016 (range 422-983),3.23,2.96,3.52,,two-point first-order per individual: k = ln(Cp1/Cp2)/(t2-t1),serum decay,full text
PFOA,human study,human,both,Lewis-Michl 2025 Hoosick Falls,2025,40247098,147,Village of Hoosick Falls public water consumers,,,533.6,ng/L drinking water,533.6 average of 25 samples Nov 2014-Feb 2016 (range 422-983),3.55,3.27,3.87,,two-point first-order per individual: k = ln(Cp1/Cp2)/(t2-t1),serum decay,full text
PFOA,human study,human,both,Lewis-Michl 2025 Petersburgh,2025,40247098,fewer than 10,"hamlet of Petersburgh public water consumers (~200 residents, 79 residences)",9.57,9.57 GM (7.33-12.5) for the 51 baseline participants; median 11.3,2.6,ng/kg/day intake,2.6 (DERIVED BY US: 92.5 ng/L x 2 L/day / 70 kg),3.2,,,,two-point first-order,serum decay,full text
PFOA,human study,human,both,Andersson 2025 Ronneby (measured Vd),2025,,40 of 44 in the longitudinal panel (4 blood donors excluded),"Ronneby Biomarker Cohort follow-up, 3 y after exposure ended",,Ronneby cohort levels (GM PFOA 16 ng/mL at the start of the half-life panel),,,,,,,0.074 (74 mL/kg),one-compartment mass balance,n/a - Vd row,full text
PFOA,human study,human,both,Chiu 2022 (fitted Vd),2022,10.1289/EHP10103,pooled across many community water sites,US communities with contaminated water,,,,,,,,,0.43 (430 mL/kg),Bayesian hierarchical one-compartment,n/a - Vd row,secondary
PFOA,human study,human,both (16% female),Fustinoni & Consonni 2023 Solvay Spinetta Marengo,2023,36715212,"93 workers (78 male, 15 female), 568 serum measurements, 2-9 per subject",fluoropolymer plant workers (Plast2 plant) hired before 2013,750,"750 (median C0 in 2013, the assumed t0)",,,"PFOA used as a polymerisation surfactant until 2013, then phased out and replaced by ADV and cC6O4",3.16,2.98,3.37,,first-order on ln-transformed serum; random-intercept linear regression to handle within-subject correlation,serum decay,full text
PFOA,human study,human,"both (163 F, 144 M)",Lewis-Michl 2025 Hoosick Falls,2025,40247098,307,Village of Hoosick Falls public water consumers,70.7,70.7 GM (95% CI 63.8-78.4) in the 307 repeat-testers; 42.1 (39.9-44.4) in the full baseline group of 1573,15,ng/kg/day intake,15 (DERIVED BY US: 533.6 ng/L x 2 L/day / 70 kg),3.15,2.97,3.34,,two-point first-order per individual: k = ln(Cp1/Cp2)/(t2-t1),serum decay,full text
PFOA,human study,human,both (3% female),Nilsson 2022a Australian firefighters (background audit),2022,36162311,130 with paired samples (of 799 sampled in 2018-19),current and former employees of an Australian firefighting services corporation,,"mean linear PFOA 1.7 ng/mL per Rosato 2024 Table 3. CAUTION: the Nilsson abstract reports the same order of values as 2018-19 (final) arithmetic means, so whether Rosato's column is baseline or final is not resolvable from the secondary source - flagged.",,,"AFFF used from the 1980s until 2010, then replaced with fluorine-free foam; firefighters continued to work at PFAS-contaminated sites",5.0,4.7,5.4,,first-order; individual apparent half-lives then averaged,serum decay,secondary
PFOA,human study,human,both (3% female),Nilsson 2022a Australian firefighters (background audit),2022,36162311,130 with paired samples (of 799 sampled in 2018-19),current and former employees of an Australian firefighting services corporation,,mean linear PFOA 1.7 ng/mL (see caution above),,,"AFFF used from the 1980s until 2010, then replaced with fluorine-free foam; firefighters continued to work at PFAS-contaminated sites",2.0,1.7,2.2,,first-order; individual apparent half-lives then averaged,serum decay,secondary
PFOA,human study,human,both (35% female),Xu 2020 Arvidsjaur airport,2020,32648786,17 (of 26 employees sampled at baseline),employees of Arvidsjaur regional airport,9.1,"9.1 (2.9-31); median 13 in the 17 followed (median, range; first sample from all 26 employees); serum/water ratio 30.3",8.57,ng/kg/day intake,"8.57 if 2 L/day at 70 kg were drunk at work - DERIVED BY US, and an overestimate because exposure was occupational only",1.77,1.43,2.31,,"linear mixed model with random intercept (random slope dropped - failed to converge), age and sex as covariates, log-transformed serum","serum decay (paired urine measured separately for urine/serum ratios, not used in the half-life)",full text
PFOA,human study,human,both (35% female),Xu 2020 Arvidsjaur airport,2020,32648786,17 (of 26 employees sampled at baseline),employees of Arvidsjaur regional airport,9.1,"9.1 (2.9-31); median 13 in the 17 followed (median, range); serum/water ratio 30.3",300,ng/L drinking water,300,1.48,1.19,1.96,,"linear mixed model with random intercept (random slope dropped - failed to converge), age and sex as covariates, log-transformed serum","serum decay (paired urine measured separately for urine/serum ratios, not used in the half-life)",full text
PFOA,human study,human,both (35% female),Xu 2020 Arvidsjaur airport,2020,32648786,17 (of 26 employees sampled at baseline),employees of Arvidsjaur regional airport,,,,,"airport drinking water contaminated by firefighting foam at the fire drill area; clean bottled water supplied from 31 Aug 2018, GAC filters ~2 months later. Home water supply verified PFAS-free for every participant",,,,,"linear mixed model with random intercept (random slope dropped - failed to converge), age and sex as covariates, log-transformed serum","serum decay (paired urine measured separately for urine/serum ratios, not used in the half-life)",full text
PFOA,human study,human,both (49% male),Batzella 2024 Veneto,2024,38306197,5860,Veneto 'Red Area' residents in the regional health surveillance plan,49,49 median (range 0.5-1090),,,groundwater contaminated by the Miteni plant (active from the late 1960s); GAC filtration from Aug 2013,2.36,2.33,2.40,,linear mixed effects with subject-specific intercept and slope; individual rates by BLUP; covariate x elapsed-time interactions,serum decay,full text
PFOA,human study,human,both (53% female),Li 2018 Ronneby (exposure audit),2018,29133598,106,Ronneby residents supplied by the Brantafors waterworks,,PFOA mean 21.2 ng/mL; PFOS mean 387; PFHxS mean 353 (Rosato 2024 Table 2),,,firefighting foam used at the adjacent military airfield F17; clean water supplied from Dec 2013,2.7,2.5,2.9,,linear mixed models with repeated samples,serum decay,secondary
PFOA,human study,human,both (7.7% female),Olsen 2007 retired 3M workers (exposure audit),2007,17805419,"26 (24 male, 2 female)","retired fluorochemical production workers, 3M Minnesota",408,"408 median (range 72-5,100); mean 691",,,fluorochemical manufacture; exposure ceased at retirement,3.8,3.1,4.4,0.18 male / 0.20 female (Butenhoff 2004c); 0.3 (Harada 2005a),"first-order log-linear fitted per individual, then averaged",serum decay,secondary
PFOA,human study,human,"both (father, mother, 4 children)",Genuis 2014 phlebotomy case series,2014,25504057,6 members of one family,one highly exposed Canadian family,5.7,5.7 average before (3.0 / 2.5 / 4.7 / 8.7 / 8.2 / 6.8),,,not identified in the paper; family had serum PFHxS up to 20x the Canadian 95th percentile,,,,"not estimated; the paper notes PFAAs have 'small volumes of distribution, meaning they are primarily distributed in the blood'",simple exponential decay fitted per individual; apparent half-life (HLapp) compared with the intrinsic half-life of Olsen 2007's retirees,serum decay under an intervention,full text
PFOA,human study,human,"both, analysed as 'young females' vs 'all males and older females'",Zhang 2013 (primary-source correction),2013,23980546,86 blood-urine pairs,"general population, paired serum and urine",,,,,background dietary and environmental exposure only - no cessation and no contaminated source,2.1,,,"0.17 assumed for all PFCAs, 0.23 for all PFSAs (Zhang 2013 Methods, citing Thompson et al.)","one-compartment mass balance: t1/2 = 0.693 x V / CLtotal, with CLtotal set equal to CLrenal (plus menstrual clearance for young females)",mass balance / renal clearance,full text
PFOA,human study,human,"both, analysed as 'young females' vs 'all males and older females'",Zhang 2013 (primary-source correction),2013,23980546,86 blood-urine pairs,"general population, paired serum and urine",,,,,background dietary and environmental exposure only - no cessation and no contaminated source,2.6,,,"0.17 assumed for all PFCAs, 0.23 for all PFSAs (Zhang 2013 Methods, citing Thompson et al.)","one-compartment mass balance: t1/2 = 0.693 x V / CLtotal, with CLtotal set equal to CLrenal (plus menstrual clearance for young females)",mass balance / renal clearance,full text
PFOA,human study,human,female,Batzella 2024 Veneto,2024,38306197,3006,Veneto 'Red Area' residents in the regional health surveillance plan,,lower than males (Table S1),,,groundwater contaminated by the Miteni plant (active from the late 1960s); GAC filtration from Aug 2013,2.04,2.00,2.08,,linear mixed effects with subject-specific intercept and slope; individual rates by BLUP; covariate x elapsed-time interactions,serum decay,full text
PFOA,human study,human,female,Batzella 2024 Veneto,2024,38306197,213,Veneto 'Red Area' residents in the regional health surveillance plan,,,,,groundwater contaminated by the Miteni plant (active from the late 1960s); GAC filtration from Aug 2013,1.78,1.71,1.85,,linear mixed effects with subject-specific intercept and slope; individual rates by BLUP; covariate x elapsed-time interactions,serum decay,full text
PFOA,human study,human,female,Batzella 2024 Veneto,2024,38306197,1279,Veneto 'Red Area' residents in the regional health surveillance plan,,,,,groundwater contaminated by the Miteni plant (active from the late 1960s); GAC filtration from Aug 2013,2.54,2.47,2.60,,linear mixed effects with subject-specific intercept and slope; individual rates by BLUP; covariate x elapsed-time interactions,serum decay,full text
PFOA,human study,human,female,Lewis-Michl 2025 Hoosick Falls,2025,40247098,163,Village of Hoosick Falls public water consumers,,,533.6,ng/L drinking water,533.6 average of 25 samples Nov 2014-Feb 2016 (range 422-983),2.90,2.69,3.12,,two-point first-order per individual: k = ln(Cp1/Cp2)/(t2-t1),serum decay,full text
PFOA,human study,human,female,Lyu 2026 Tokyo Tama,2026,41548900,12,"Tama region, Tokyo",,below the 75th percentile of baseline L-PFOA,,,as Lyu 2026 main rows,8.7,7.0,11.5,,first-order,serum decay,full text
PFOA,human study,human,female,Lyu 2026 Tokyo Tama,2026,41548900,5,"Tama region, Tokyo",,at or above the 75th percentile of baseline L-PFOA,,,as Lyu 2026 main rows,6.7,5.0,9.9,,first-order,serum decay,full text
PFOA,human study,human,female (all),Lyu 2026 Tokyo Tama,2026,41548900,17,"long-term residents of the Tama region, western Tokyo",5.5,"5.5 GM in 2020 (median 4.9, range 3.1-12.0)",,,groundwater contaminated via a sewage plant handling wastewater from Yokota Air Force Base; contaminated wells withdrawn from tap-water use June 2019,8.0,6.0,10.0,,"first-order kinetics; point estimate from the mean elimination rate, individual rates also computed",serum decay,full text
PFOA,human study,human,female (all),Lyu 2026 Tokyo Tama,2026,41548900,17,"long-term residents of the Tama region, western Tokyo",5.5,5.5 GM in 2020,,,groundwater contaminated via a sewage plant handling wastewater from Yokota Air Force Base; contaminated wells withdrawn from tap-water use June 2019,5.1,4.1,6.8,,"first-order kinetics; point estimate from the mean elimination rate, individual rates also computed",serum decay,full text
PFOA,human study,human,male,Batzella 2024 Veneto,2024,38306197,2854,Veneto 'Red Area' residents in the regional health surveillance plan,,higher than females (Table S1),,,groundwater contaminated by the Miteni plant (active from the late 1960s); GAC filtration from Aug 2013,2.83,2.78,2.89,,linear mixed effects with subject-specific intercept and slope; individual rates by BLUP; covariate x elapsed-time interactions,serum decay,full text
PFOA,human study,human,male,Lewis-Michl 2025 Hoosick Falls,2025,40247098,144,Village of Hoosick Falls public water consumers,,,533.6,ng/L drinking water,533.6 average of 25 samples Nov 2014-Feb 2016 (range 422-983),3.46,3.16,3.78,,two-point first-order per individual: k = ln(Cp1/Cp2)/(t2-t1),serum decay,full text
PFOA,human study,human,male,Abraham 2024 controlled oral dose (n=1),2024,39476597,1,single healthy male volunteer (self-experiment by the study's own physician),,back-extrapolated plasma C0 0.529 ug/L (0.399 after subtracting the pre-existing 0.130) (= ng/mL),,,"single oral dose of a mixture of 15 predominantly 13C-labelled PFAS, taken with the volunteer's background PFAS sum below 6.9 ug/L",5.506,4.014,8.778,0.121 (121 mL/kg bw; range 118-124),two-compartment (one-compartment for MPFBA and 6:2FTS); terminal phase t1/2 = ln2/kel; CLtot = kel x Vd,"both - plasma decay for the half-life and Vd, plus a full urinary and faecal mass balance for clearance",full text
PFOA,human study,human,male,Girardi 2018 Miteni retired workers (via Fustinoni 2023),2018,,"35 males, 81 samples, 2 per subject","retired fluorochemical workers, Miteni/RIMAR plant, Trissino",,"GM reported as '1.489' in ug/L in both Fustinoni tables - almost certainly 1,489 ng/mL with an Italian thousands separator, but NOT verifiable from the secondary source",,,PFOA manufacture,3.35,2.89,3.99,,first-order,serum decay,secondary
PFOA,human study,human,male,"Abraham 2024 (measured Vd, known dose)",2024,39476597,1,"single volunteer, controlled oral dose",,plasma C0 0.529 ug/L (0.399 after subtracting the pre-existing 0.130),,,,,,,0.121 (121 mL/kg; absolute 9.9 L),two-compartment,n/a - Vd row,full text
PFOA,human study,human,male (0% female),Costa 2009 Italian fluorochemical workers,2009,19858757,16,formerly exposed fluorochemical workers,11.92,11.92 median; 18.8 mean,,,PFOA production; exposure ceased on transfer out of production work,5.1,2.6,9.7,,first-order,serum decay,secondary
PFOA,human study,human,male (0% female),Gomis 2016 ski waxers,2016,,4,professional ski waxers,,"CONFLICT: Rosato 2024 Table 3 labels the range 250-1050 ng/mL as PFOS; the project's existing human_initial_vs_halflife.csv records 500 ng/mL (range 250-1050) as PFOA. Given the half-life reported is for PFOA, the existing file's reading is the more likely one, but neither is verified against the primary paper.",,,fluorinated ski wax fume; exposure ceased when they stopped working with wax,2.4,2.0,2.8,,first-order,serum decay,secondary
PFOA,human study,human,male (97.9%),Gasiorowski 2022 blood/plasma donation RCT,2022,35394514,285 total,Fire Rescue Victoria staff and contractors with serum PFOS >=5 ng/mL,1.2,"1.2 (SD 1.1) across the whole cohort, i.e. at the 1 ng/mL limit of detection",,,"historical AFFF use; the intervention is the removal route, not the exposure",,,,,"general linear model on mean change, controlling for baseline; intention to treat; outliers winsorised at 3 SD; bootstrapped",neither - measured change in serum concentration under a controlled removal; no half-life was computed,full text
PFOA,human study,human,mixed; workers predominantly male,Rosato 2024 meta-analysis (narrative pooled values),2024,38008199,"13 studies: 5 exposed general populations, 8 exposed workers; sample sizes 4-200, average 69",systematic review and random-effects meta-analysis,,,,,drinking water in all five general-population studies; occupational in all eight worker studies,2.73,1.99,3.47,,random-effects meta-analysis of study-level means; OHAT risk-of-bias tool,"serum decay only - studies estimating half-life 'based solely on renal clearance' were an explicit EXCLUSION (Zhou 2014, Zhang 2015, Gao 2015, Fujii 2015, Shi 2016), as were temporal-trend studies (10 of them) and studies where the main exposure was still present or cessation was not clearly defined (Ding 2020, Fu 2016, Gribble 2015, Harada 2005 and 2007, Worley 2017, Zhang 2013a/b)",full text
"PFOA (and PFOS, PFHxS)",human study,human,mixed,DERIVED: background-subtraction bias as a function of serum/background ratio,2026,,7 paired estimates from 5 studies,all cohorts that published both a corrected and an uncorrected half-life,,see key_assumptions for each pair,,,,,,,,one-compartment first-order in all,serum decay,derived
PFOA and PFOS,human study,human,,"Buser 2021 (assumed Vd, monkey extrapolation)",2021,,,extrapolated from experimental studies in monkeys,,,,,,,,,0.20 (200 mL/kg) for both PFOA and PFOS,,n/a - Vd row,secondary
"PFOA, PFOS, PFHxS, PFNA",human study,human,,ATSDR 2021 (assumed Vd for the MRL derivation),2021,,,values adopted for the ATSDR minimal risk level calculations,,,,,,,,,PFOA 0.18 male / 0.20 female (Butenhoff 2004c); PFOS 0.20 male / 0.27 female (Chang 2012); 0.3 for both (Harada 2005a); PFHxS 0.287 male / 0.213 female (Sundstrom 2012); PFNA assumed EQUAL TO PFOA because no PFNA value exists,,n/a - Vd row,full text
PFOS,animal experiment,mouse,Female,EPA CPHEA population PK fit,,,16,,3988.8,3988.795518 (median of 16 observations),10.5,mg/kg single,1.0-20.0 mg/kg single,0.08983,,,0.274231,1-compartment,serum decay,EPA CPHEA fits via ../species_dose
PFOS,animal experiment,mouse,Male,EPA CPHEA population PK fit,,,16,,4338.36,4338.359534 (median of 16 observations),10.5,mg/kg single,1.0-20.0 mg/kg single,0.09717,,,0.285961,1-compartment,serum decay,EPA CPHEA fits via ../species_dose
PFOS,animal experiment,primate,Female,EPA CPHEA population PK fit,,,46,,6208.82,6208.8210515 (median of 46 observations),2.0,mg/kg single,2.0-2.0 mg/kg single,0.26366,,,0.262852,2-compartment,serum decay,EPA CPHEA fits via ../species_dose
PFOS,animal experiment,primate,Male,EPA CPHEA population PK fit,,,48,,8961.06,8961.056221499999 (median of 48 observations),2.0,mg/kg single,2.0-2.0 mg/kg single,0.37204,,,0.212059,2-compartment,serum decay,EPA CPHEA fits via ../species_dose
PFOS,animal experiment,rat,Female,EPA CPHEA population PK fit,,,233,,4900,4900.0 (median of 233 observations),2.0,mg/kg single,2.0-20.0 mg/kg single,0.14985,,,0.345665,2-compartment,serum decay,EPA CPHEA fits via ../species_dose
PFOS,animal experiment,rat,Male,EPA CPHEA population PK fit,,,246,,3987.56,3987.5575865 (median of 246 observations),2.0,mg/kg single,0.1-20.0 mg/kg single,0.15626,,,0.441925,2-compartment,serum decay,EPA CPHEA fits via ../species_dose
PFOS,human study,human,,"Thompson 2010 (assumed Vd, as used by Zhang 2013)",2010,,,PK modelling,,,,,,,,,0.23 (230 mL/kg) per Zhang 2013 Methods,,n/a - Vd row,secondary
PFOS,human study,human,both,Batzella 2024 Veneto,2024,38306197,5847,Veneto 'Red Area' residents in the regional health surveillance plan,4.3,4.3 median (range 0.5-142),,,groundwater contaminated by the Miteni plant (active from the late 1960s); GAC filtration from Aug 2013,7.45,7.24,7.69,,linear mixed effects with subject-specific intercept and slope; individual rates by BLUP; covariate x elapsed-time interactions,serum decay,full text
PFOS,human study,human,both,"Nilsson 2022b aviation firefighters, PFOS isomers",2022,36367310,17 (35% female),aviation firefighters previously exposed to 3M AFFF,,"mean linear PFOS 26, median 21, mean total PFOS 60 ng/mL (Rosato 2024 Table 3)",,,3M AFFF (which contained chlorinated PFOS homologues); foam replaced,4.0,2.5,6.8,,first-order,serum decay,secondary
PFOS,human study,human,both,"Nilsson 2022b aviation firefighters, PFOS isomers",2022,36367310,17 (35% female),aviation firefighters previously exposed to 3M AFFF,,"mean linear PFOS 26, mean total PFOS 60 ng/mL",,,3M AFFF (which contained chlorinated PFOS homologues); foam replaced,5.5,2.7,8.8,,first-order,serum decay,secondary
PFOS,human study,human,both,"Nilsson 2022b aviation firefighters, PFOS isomers",2022,36367310,17 (35% female),aviation firefighters previously exposed to 3M AFFF,,mean total PFOS 60 ng/mL,,,3M AFFF (which contained chlorinated PFOS homologues); foam replaced,6.5,6.1,6.9,,first-order,serum decay,secondary
PFOS,human study,human,both,"Nilsson 2022b aviation firefighters, PFOS isomers",2022,36367310,17 (35% female),aviation firefighters previously exposed to 3M AFFF,,mean total PFOS 60 ng/mL,,,3M AFFF (which contained chlorinated PFOS homologues); foam replaced,5.7,5.2,6.2,,first-order,serum decay,secondary
PFOS,human study,human,both,Andersson 2025 Ronneby (measured Vd),2025,,40,Ronneby Biomarker Cohort,,,,,,,,,0.093 (93 mL/kg),,n/a - Vd row,full text
PFOS,human study,human,both,Chiu 2022 (fitted Vd),2022,10.1289/EHP10103,pooled,US communities,,,,,,,,,0.336 (336 mL/kg),,n/a - Vd row,secondary
PFOS,human study,human,both (3% female),Nilsson 2022a Australian firefighters (background audit),2022,36162311,130 with paired samples (of 799 sampled in 2018-19),current and former employees of an Australian firefighting services corporation,,arithmetic mean PFOS 27 ng/mL in 2018-19 (abstract); Rosato lists sum(L+B) PFOS 27 under 'initial',,,"AFFF used from the 1980s until 2010, then replaced with fluorine-free foam; firefighters continued to work at PFAS-contaminated sites",6.5,,,,first-order; individual apparent half-lives then averaged,serum decay,abstract
PFOS,human study,human,both (35% female),Xu 2020 Arvidsjaur airport,2020,32648786,17 (of 26 employees sampled at baseline),employees of Arvidsjaur regional airport,9.5,"9.5 (5.4-28); median 11 in the 17 followed (median, range; first sample from all 26 employees); serum/water ratio 153",1.77,ng/kg/day intake,"1.77 if 2 L/day at 70 kg were drunk at work - DERIVED BY US, and an overestimate because exposure was occupational only",2.91,1.71,9.63,,"linear mixed model with random intercept (random slope dropped - failed to converge), age and sex as covariates, log-transformed serum","serum decay (paired urine measured separately for urine/serum ratios, not used in the half-life)",full text
PFOS,human study,human,both (35% female),Xu 2020 Arvidsjaur airport,2020,32648786,17 (of 26 employees sampled at baseline),employees of Arvidsjaur regional airport,9.5,"9.5 (5.4-28); median 11 in the 17 followed (median, range); serum/water ratio 153",62,ng/L drinking water,62,1.69,0.98,6.04,,"linear mixed model with random intercept (random slope dropped - failed to converge), age and sex as covariates, log-transformed serum","serum decay (paired urine measured separately for urine/serum ratios, not used in the half-life)",full text
PFOS,human study,human,both (35% female),Xu 2020 Arvidsjaur airport,2020,32648786,17 (of 26 employees sampled at baseline),employees of Arvidsjaur regional airport,,"part of B-PFOS median 6.4 (2.2-28) (median, range; first sample from all 26 employees)",,,"airport drinking water contaminated by firefighting foam at the fire drill area; clean bottled water supplied from 31 Aug 2018, GAC filters ~2 months later. Home water supply verified PFAS-free for every participant",1.27,0.69,7.64,,"linear mixed model with random intercept (random slope dropped - failed to converge), age and sex as covariates, log-transformed serum","serum decay (paired urine measured separately for urine/serum ratios, not used in the half-life)",full text
PFOS,human study,human,both (35% female),Xu 2020 Arvidsjaur airport,2020,32648786,17 (of 26 employees sampled at baseline),employees of Arvidsjaur regional airport,,"part of B-PFOS median 6.4 (2.2-28) (median, range)",,,"airport drinking water contaminated by firefighting foam at the fire drill area; clean bottled water supplied from 31 Aug 2018, GAC filters ~2 months later. Home water supply verified PFAS-free for every participant",0.92,0.51,4.77,,"linear mixed model with random intercept (random slope dropped - failed to converge), age and sex as covariates, log-transformed serum","serum decay (paired urine measured separately for urine/serum ratios, not used in the half-life)",full text
PFOS,human study,human,both (35% female),Xu 2020 Arvidsjaur airport,2020,32648786,17 (of 26 employees sampled at baseline),employees of Arvidsjaur regional airport,,"part of B-PFOS median 6.4 (2.2-28) (median, range; first sample from all 26 employees)",,,"airport drinking water contaminated by firefighting foam at the fire drill area; clean bottled water supplied from 31 Aug 2018, GAC filters ~2 months later. Home water supply verified PFAS-free for every participant",1.09,0.63,3.96,,"linear mixed model with random intercept (random slope dropped - failed to converge), age and sex as covariates, log-transformed serum","serum decay (paired urine measured separately for urine/serum ratios, not used in the half-life)",full text
PFOS,human study,human,both (35% female),Xu 2020 Arvidsjaur airport,2020,32648786,17 (of 26 employees sampled at baseline),employees of Arvidsjaur regional airport,,"part of B-PFOS median 6.4 (2.2-28) (median, range)",,,"airport drinking water contaminated by firefighting foam at the fire drill area; clean bottled water supplied from 31 Aug 2018, GAC filters ~2 months later. Home water supply verified PFAS-free for every participant",0.83,0.49,2.84,,"linear mixed model with random intercept (random slope dropped - failed to converge), age and sex as covariates, log-transformed serum","serum decay (paired urine measured separately for urine/serum ratios, not used in the half-life)",full text
PFOS,human study,human,both (35% female),Xu 2020 Arvidsjaur airport,2020,32648786,17 (of 26 employees sampled at baseline),employees of Arvidsjaur regional airport,,"part of B-PFOS median 6.4 (2.2-28) (median, range; first sample from all 26 employees)",,,"airport drinking water contaminated by firefighting foam at the fire drill area; clean bottled water supplied from 31 Aug 2018, GAC filters ~2 months later. Home water supply verified PFAS-free for every participant",1.04,0.67,2.42,,"linear mixed model with random intercept (random slope dropped - failed to converge), age and sex as covariates, log-transformed serum","serum decay (paired urine measured separately for urine/serum ratios, not used in the half-life)",full text
PFOS,human study,human,both (35% female),Xu 2020 Arvidsjaur airport,2020,32648786,17 (of 26 employees sampled at baseline),employees of Arvidsjaur regional airport,,"part of B-PFOS median 6.4 (2.2-28) (median, range)",,,"airport drinking water contaminated by firefighting foam at the fire drill area; clean bottled water supplied from 31 Aug 2018, GAC filters ~2 months later. Home water supply verified PFAS-free for every participant",0.73,0.46,1.76,,"linear mixed model with random intercept (random slope dropped - failed to converge), age and sex as covariates, log-transformed serum","serum decay (paired urine measured separately for urine/serum ratios, not used in the half-life)",full text
PFOS,human study,human,both (7.7% female),Olsen 2007 retired 3M workers (exposure audit),2007,17805419,"26 (24 male, 2 female)","retired fluorochemical production workers, 3M Minnesota",626,"626 median (range 145-3,490); mean 799",,,fluorochemical manufacture; exposure ceased at retirement,5.4,3.9,6.9,0.20 male / 0.27 female (Chang 2012); 0.3 (Harada 2005a),"first-order log-linear fitted per individual, then averaged",serum decay,secondary
PFOS,human study,human,"both (father, mother, 4 children)",Genuis 2014 phlebotomy case series,2014,25504057,6 members of one family,one highly exposed Canadian family,43.4,43.4 average before (15.1 / 16.3 / 19.3 / 59.7 / 87.3 / 62.4),,,not identified in the paper; family had serum PFHxS up to 20x the Canadian 95th percentile,,,,"not estimated; the paper notes PFAAs have 'small volumes of distribution, meaning they are primarily distributed in the blood'",simple exponential decay fitted per individual; apparent half-life (HLapp) compared with the intrinsic half-life of Olsen 2007's retirees,serum decay under an intervention,full text
PFOS,human study,human,"both, analysed as 'young females' vs 'all males and older females'",Zhang 2013 (primary-source correction),2013,23980546,86 blood-urine pairs,"general population, paired serum and urine",,,,,background dietary and environmental exposure only - no cessation and no contaminated source,5.8,,,"0.17 assumed for all PFCAs, 0.23 for all PFSAs (Zhang 2013 Methods, citing Thompson et al.)","one-compartment mass balance: t1/2 = 0.693 x V / CLtotal, with CLtotal set equal to CLrenal (plus menstrual clearance for young females)",mass balance / renal clearance,full text
PFOS,human study,human,"both, analysed as 'young females' vs 'all males and older females'",Zhang 2013 (primary-source correction),2013,23980546,86 blood-urine pairs,"general population, paired serum and urine",,,,,background dietary and environmental exposure only - no cessation and no contaminated source,18,,,"0.17 assumed for all PFCAs, 0.23 for all PFSAs (Zhang 2013 Methods, citing Thompson et al.)","one-compartment mass balance: t1/2 = 0.693 x V / CLtotal, with CLtotal set equal to CLrenal (plus menstrual clearance for young females)",mass balance / renal clearance,full text
PFOS,human study,human,female,Lyu 2026 Tokyo Tama,2026,41548900,7,"Tama region, Tokyo",,,,,as Lyu 2026 main rows,3.8,3.0,5.0,,first-order,serum decay,full text
PFOS,human study,human,female,Lyu 2026 Tokyo Tama,2026,41548900,10,"Tama region, Tokyo",,,,,as Lyu 2026 main rows,4.0,3.3,5.1,,first-order,serum decay,full text
PFOS,human study,human,female (all),Lyu 2026 Tokyo Tama,2026,41548900,17,"long-term residents of the Tama region, western Tokyo",13.9,"13.9 GM in 2020 (median 15.0, range 6.2-27.0)",,,groundwater contaminated via a sewage plant handling wastewater from Yokota Air Force Base; contaminated wells withdrawn from tap-water use June 2019,3.9,3.4,4.6,,"first-order kinetics; point estimate from the mean elimination rate, individual rates also computed",serum decay,full text
PFOS,human study,human,female (all),Lyu 2026 Tokyo Tama,2026,41548900,17,"long-term residents of the Tama region, western Tokyo",13.9,13.9 GM in 2020,,,groundwater contaminated via a sewage plant handling wastewater from Yokota Air Force Base; contaminated wells withdrawn from tap-water use June 2019,2.7,2.3,3.4,,"first-order kinetics; point estimate from the mean elimination rate, individual rates also computed",serum decay,full text
PFOS,human study,human,male,Abraham 2024 controlled oral dose (n=1),2024,39476597,1,single healthy male volunteer (self-experiment by the study's own physician),,back-extrapolated plasma C0 0.303 ug/L (= ng/mL),,,"single oral dose of a mixture of 15 predominantly 13C-labelled PFAS, taken with the volunteer's background PFAS sum below 6.9 ug/L",3.316,2.538,,0.152 (152 mL/kg bw; range 148-NA),two-compartment (one-compartment for MPFBA and 6:2FTS); terminal phase t1/2 = ln2/kel; CLtot = kel x Vd,"both - plasma decay for the half-life and Vd, plus a full urinary and faecal mass balance for clearance",full text
PFOS,human study,human,male,"Abraham 2024 (measured Vd, known dose)",2024,39476597,1,"single volunteer, controlled oral dose",,plasma C0 0.303 ug/L,,,,,,,0.152 (152 mL/kg),,n/a - Vd row,full text
PFOS,human study,human,male (97.9%),Gasiorowski 2022 blood/plasma donation RCT,2022,35394514,95 randomised to plasma donation (mean 6.4 of 9 planned donations of up to 800 mL every 6 weeks),Fire Rescue Victoria staff and contractors with serum PFOS >=5 ng/mL,10.7,10.7 (SD 5.9) at baseline; 12.5 (SD 6.8) at screening,,,"historical AFFF use; the intervention is the removal route, not the exposure",,,,,"general linear model on mean change, controlling for baseline; intention to treat; outliers winsorised at 3 SD; bootstrapped",neither - measured change in serum concentration under a controlled removal; no half-life was computed,full text
PFOS,human study,human,male (97.9%),Gasiorowski 2022 blood/plasma donation RCT,2022,35394514,95 randomised to blood donation (mean 4.3 of 5 planned donations of ~470 mL every 12 weeks),Fire Rescue Victoria staff and contractors with serum PFOS >=5 ng/mL,10.9,10.9 (SD 8.3) at baseline,,,"historical AFFF use; the intervention is the removal route, not the exposure",,,,,"general linear model on mean change, controlling for baseline; intention to treat; outliers winsorised at 3 SD; bootstrapped",neither - measured change in serum concentration under a controlled removal; no half-life was computed,full text
PFOS,human study,human,male (97.9%),Gasiorowski 2022 blood/plasma donation RCT,2022,35394514,95 observation only,Fire Rescue Victoria staff and contractors with serum PFOS >=5 ng/mL,11.7,11.7 (SD 20.1) at baseline,,,"historical AFFF use; the intervention is the removal route, not the exposure",,,,,"general linear model on mean change, controlling for baseline; intention to treat; outliers winsorised at 3 SD; bootstrapped",neither - measured change in serum concentration under a controlled removal; no half-life was computed,full text
PFOS,human study,human,male (97.9%),Gasiorowski 2022 blood/plasma donation RCT,2022,35394514,285,Fire Rescue Victoria staff and contractors with serum PFOS >=5 ng/mL,,stratified by baseline quartile,,,"historical AFFF use; the intervention is the removal route, not the exposure",,,,,"general linear model on mean change, controlling for baseline; intention to treat; outliers winsorised at 3 SD; bootstrapped",neither - measured change in serum concentration under a controlled removal; no half-life was computed,full text
PFOS,human study,human,mixed; workers predominantly male,Rosato 2024 meta-analysis (narrative pooled values),2024,38008199,"13 studies: 5 exposed general populations, 8 exposed workers; sample sizes 4-200, average 69",systematic review and random-effects meta-analysis,,,,,drinking water in all five general-population studies; occupational in all eight worker studies,4.70,3.27,6.13,,random-effects meta-analysis of study-level means; OHAT risk-of-bias tool,"serum decay only - studies estimating half-life 'based solely on renal clearance' were an explicit EXCLUSION (Zhou 2014, Zhang 2015, Gao 2015, Fujii 2015, Shi 2016), as were temporal-trend studies (10 of them) and studies where the main exposure was still present or cessation was not clearly defined (Ding 2020, Fu 2016, Gribble 2015, Harada 2005 and 2007, Worley 2017, Zhang 2013a/b)",full text
PFOS,human study,human,not stated,Moller 2024 cholestyramine cross-over trial (via Andersson 2025),2024,10.1016/j.envint.2024.108497,45,Danish adults with elevated PFAS,,,,,n/a - the intervention is the removal route,0.16,,,,cross-over comparison of percentage change,serum decay under an intervention,derived from secondary
PFOS,human study,human,not stated,Moller 2024 cholestyramine cross-over trial (via Andersson 2025),2024,10.1016/j.envint.2024.108497,45,Danish adults with elevated PFAS,,,,,n/a - the intervention is the removal route,5.25,,,,cross-over comparison of percentage change,serum decay under an intervention,derived from secondary
PFOS,human study,human,not stated (both present per MeSH),Delaere 2025 SAMFS voluntary treatment programme,2025,40540942,"19 (2 plasma donation, 12 cholestyramine, 5 both)",South Australian Metropolitan Fire Service firefighters from a station identified in a 2018/19 biomonitoring survey (n=916) as having substantially elevated PFOS and PFHxS,,"not reported; the average maximum DECREASE was 162 ng/mL, so initial levels were at least that high",,,historical AFFF exposure at one fire station,1.2,,,,one-compartment first-order elimination kinetics on each participant's maximum and minimum serum concentration,serum decay,abstract
PFOS,human study,human,not stated (both present per MeSH),Delaere 2025 SAMFS voluntary treatment programme,2025,40540942,9,South Australian Metropolitan Fire Service firefighters from a station identified in a 2018/19 biomonitoring survey (n=916) as having substantially elevated PFOS and PFHxS,,not reported; average maximum decrease 41 ng/mL,,,historical AFFF exposure at one fire station,7.3,,,,one-compartment first-order elimination kinetics on each participant's maximum and minimum serum concentration,serum decay,abstract
PFPeA,human study,human,male,Abraham 2024 controlled oral dose (n=1),2024,39476597,1,single healthy male volunteer (self-experiment by the study's own physician),,back-extrapolated plasma C0 0.436 ug/L (= ng/mL),,,"single oral dose of a mixture of 15 predominantly 13C-labelled PFAS, taken with the volunteer's background PFAS sum below 6.9 ug/L",0.0014,0.0014,0.0015,0.110 (110 mL/kg bw; range 107-115),two-compartment (one-compartment for MPFBA and 6:2FTS); terminal phase t1/2 = ln2/kel; CLtot = kel x Vd,"both - plasma decay for the half-life and Vd, plus a full urinary and faecal mass balance for clearance",full text
PFPeS,human study,human,both (35% female),Xu 2020 Arvidsjaur airport,2020,32648786,17 (of 26 employees sampled at baseline),employees of Arvidsjaur regional airport,6.9,"6.9 (1.4-17) (median, range; first sample from all 26 employees); serum/water ratio 38.3",5.14,ng/kg/day intake,"5.14 if 2 L/day at 70 kg were drunk at work - DERIVED BY US, and an overestimate because exposure was occupational only",0.63,0.46,1.01,,"linear mixed model with random intercept (random slope dropped - failed to converge), age and sex as covariates, log-transformed serum","serum decay (paired urine measured separately for urine/serum ratios, not used in the half-life)",full text
PFPeS,human study,human,both (35% female),Xu 2020 Arvidsjaur airport,2020,32648786,17 (of 26 employees sampled at baseline),employees of Arvidsjaur regional airport,6.9,"6.9 (1.4-17) (median, range); serum/water ratio 38.3",180,ng/L drinking water,180,0.63,0.46,1.01,,"linear mixed model with random intercept (random slope dropped - failed to converge), age and sex as covariates, log-transformed serum","serum decay (paired urine measured separately for urine/serum ratios, not used in the half-life)",full text
PFUnDA,human study,human,male,Abraham 2024 controlled oral dose (n=1),2024,39476597,1,single healthy male volunteer (self-experiment by the study's own physician),,back-extrapolated plasma C0 0.202 ug/L (= ng/mL),,,"single oral dose of a mixture of 15 predominantly 13C-labelled PFAS, taken with the volunteer's background PFAS sum below 6.9 ug/L",1.599,1.372,1.930,0.241 (241 mL/kg bw; range 232-252),two-compartment (one-compartment for MPFBA and 6:2FTS); terminal phase t1/2 = ln2/kel; CLtot = kel x Vd,"both - plasma decay for the half-life and Vd, plus a full urinary and faecal mass balance for clearance",full text
all,human study,human,mixed; workers predominantly male,Rosato 2024 meta-analysis (narrative pooled values),2024,38008199,"13 studies: 5 exposed general populations, 8 exposed workers; sample sizes 4-200, average 69",systematic review and random-effects meta-analysis,,,,,drinking water in all five general-population studies; occupational in all eight worker studies,,,,,random-effects meta-analysis of study-level means; OHAT risk-of-bias tool,"serum decay only - studies estimating half-life 'based solely on renal clearance' were an explicit EXCLUSION (Zhou 2014, Zhang 2015, Gao 2015, Fujii 2015, Shi 2016), as were temporal-trend studies (10 of them) and studies where the main exposure was still present or cessation was not clearly defined (Ding 2020, Fu 2016, Gribble 2015, Harada 2005 and 2007, Worley 2017, Zhang 2013a/b)",full text
all,human study,human,mixed; workers predominantly male,Rosato 2024 meta-analysis (narrative pooled values),2024,38008199,"13 studies: 5 exposed general populations, 8 exposed workers; sample sizes 4-200, average 69",systematic review and random-effects meta-analysis,,,,,drinking water in all five general-population studies; occupational in all eight worker studies,,,,,random-effects meta-analysis of study-level means; OHAT risk-of-bias tool,"serum decay only - studies estimating half-life 'based solely on renal clearance' were an explicit EXCLUSION (Zhou 2014, Zhang 2015, Gao 2015, Fujii 2015, Shi 2016), as were temporal-trend studies (10 of them) and studies where the main exposure was still present or cessation was not clearly defined (Ding 2020, Fu 2016, Gribble 2015, Harada 2005 and 2007, Worley 2017, Zhang 2013a/b)",full text
cC6O4,human study,human,male,"Fustinoni 2023 (measured Vd, cC6O4)",2023,36977049,18,fluoropolymer workers,2.34,2.34 median C0,,,,,,,0.084 mean (median 0.081; SD 0.042; range 0.023-0.204),,n/a - Vd row,full text
cC6O4 (perfluoro-dioxolane PFOA replacement),human study,human,male (all),Fustinoni 2023 cC6O4 workers,2023,36977049,18,fluoropolymer production workers,2.34,"2.34 (median C0, ug/L = ng/mL)",,,"occupational handling of cC6O4 in fluoropolymer production; sampling began at the end of a work shift, then 5 days off work",0.504,0.444,0.583,"0.084 (mean; median 0.081, SD 0.042, range 0.023-0.204; absolute Vd mean 6.6 L)",first-order on ln-transformed pooled data; random-intercept linear regression for intra-subject correlation,serum decay for the half-life; renal clearance plus urinary mass balance for Cl and Vd,full text
menstrual clearance (all PFAA),human study,human,"both, analysed as 'young females' vs 'all males and older females'",Zhang 2013 (primary-source correction),2013,23980546,86 blood-urine pairs,"general population, paired serum and urine",,,,,background dietary and environmental exposure only - no cessation and no contaminated source,,,,"0.17 assumed for all PFCAs, 0.23 for all PFSAs (Zhang 2013 Methods, citing Thompson et al.)","one-compartment mass balance: t1/2 = 0.693 x V / CLtotal, with CLtotal set equal to CLrenal (plus menstrual clearance for young females)",mass balance / renal clearance,full text
multiple,human study,human,both (53% female),Li 2022 Ronneby (exposure audit),2022,35447437,114,Ronneby Biomarker Cohort,,"GM PFOS 150, GM PFOA 16, GM PFHxS 260 ng/mL (Rosato 2024 Table 2)",,,AFFF at the F17 military airfield; clean water from Dec 2013,,,,,linear mixed models,serum decay,secondary
multiple PFAS,human study,human,both,Kim 2026 infant PBPK from breast milk,2026,42689832,"Korean mother-infant cohorts, 2018-2023",Korean breastfeeding cohorts,,,,,breast milk,,,,,two-compartment PBPK with postnatal glomerular filtration rate maturation,forward simulation,abstract
multiple PFAS,human study,human,both,Jung & Bartell 2026 mother-child dyad TK model,2026,41496242,n/a,general population,,,,,environmental dose estimates,,,,,mother-child dyad toxicokinetic model paired with environmental dose estimates,forward simulation validated against measured serum,abstract
