chemical,species,sex,n_observations,dose_median,dose_min,dose_max,dose_units,serum_median_ng_mL,serum_min_ng_mL,serum_max_ng_mL,halflife_native,halflife_ci_low_native,halflife_ci_high_native,native_time_unit,halflife_d,halflife_y,vd_L_kg,vd_ci_low,vd_ci_high,clearance_native,clearance_ci_low_native,clearance_ci_high_native,clearance_units,body_weight_kg,model,source
PFBA,primate,Female,26,10.0,10.0,10.0,mg/kg single,149.65111124999999,4.438169792,41062.49917,0.223093,0.168352,0.276982,day,0.2231,0.00061,0.436852,0.232151,0.649584,1.341168,0.964623,1.741978,L/kg/day,2.6,2-compartment,"EPA CPHEA animal PFAS PK population fits, re-harvested in ../species_dose/harvest_pk.py; human rows from Chiu et al. 2022 (doi:10.1289/EHP10103)"
PFBA,primate,Male,25,10.0,10.0,10.0,mg/kg single,103.7246772,4.851885854,41757.06271,0.197074,0.148063,0.247579,day,0.1971,0.00054,0.592225,0.335476,0.869248,2.061029,1.545945,2.576409,L/kg/day,2.6,2-compartment,"EPA CPHEA animal PFAS PK population fits, re-harvested in ../species_dose/harvest_pk.py; human rows from Chiu et al. 2022 (doi:10.1289/EHP10103)"
PFBA,rat,Female,17,30.0,30.0,30.0,mg/kg single,11263.24368,130.0,138011.4099,0.097923,0.013481,0.21588,day,0.0979,0.00027,0.221396,0.068468,0.390306,1.888786,0.426959,3.363823,L/kg/day,0.25,2-compartment,"EPA CPHEA animal PFAS PK population fits, re-harvested in ../species_dose/harvest_pk.py; human rows from Chiu et al. 2022 (doi:10.1289/EHP10103)"
PFBA,rat,Male,18,30.0,30.0,30.0,mg/kg single,76111.44481,3540.0,136098.52219999998,0.347806,0.051952,0.743953,day,0.3478,0.00095,0.216648,0.082941,0.346501,0.528658,0.102532,0.981022,L/kg/day,0.25,2-compartment,"EPA CPHEA animal PFAS PK population fits, re-harvested in ../species_dose/harvest_pk.py; human rows from Chiu et al. 2022 (doi:10.1289/EHP10103)"
PFBA,mouse,Female,18,30.0,10.0,100.0,mg/kg single,26750.281145,929.890106,258397.0807,0.186139,0.063839,0.342735,day,0.1861,0.00051,0.214073,0.102061,0.331661,0.86664,0.378586,1.385283,L/kg/day,0.025,2-compartment,"EPA CPHEA animal PFAS PK population fits, re-harvested in ../species_dose/harvest_pk.py; human rows from Chiu et al. 2022 (doi:10.1289/EHP10103)"
PFBA,mouse,Male,21,30.0,10.0,100.0,mg/kg single,51930.0,6041.436298,281470.3088,0.723916,0.194683,1.336265,day,0.7239,0.00198,0.288048,0.114517,0.472245,0.298209,0.137809,0.466804,L/kg/day,0.025,2-compartment,"EPA CPHEA animal PFAS PK population fits, re-harvested in ../species_dose/harvest_pk.py; human rows from Chiu et al. 2022 (doi:10.1289/EHP10103)"
PFBS,primate,Female,44,10.0,10.0,10.0,mg/kg single,7982.9582655,1.168112476,75915.0,0.527726,0.101146,1.054815,day,0.5277,0.00144,0.298467,0.097432,0.543524,0.443676,0.125175,0.771291,L/kg/day,2.6,2-compartment,"EPA CPHEA animal PFAS PK population fits, re-harvested in ../species_dose/harvest_pk.py; human rows from Chiu et al. 2022 (doi:10.1289/EHP10103)"
PFBS,primate,Male,42,10.0,10.0,10.0,mg/kg single,8399.868433,1.63954721,93766.0,0.563854,0.134545,1.077034,day,0.5639,0.00154,0.26996,0.094443,0.479794,0.360997,0.142243,0.609167,L/kg/day,2.6,2-compartment,"EPA CPHEA animal PFAS PK population fits, re-harvested in ../species_dose/harvest_pk.py; human rows from Chiu et al. 2022 (doi:10.1289/EHP10103)"
PFBS,rat,Female,159,20.0,4.0,100.0,mg/kg single,7940.0,7.221996,186000.0,0.040898,0.022165,0.063058,day,0.0409,0.00011,0.305104,0.195658,0.427836,5.361336,3.222755,7.605805,L/kg/day,0.25,2-compartment,"EPA CPHEA animal PFAS PK population fits, re-harvested in ../species_dose/harvest_pk.py; human rows from Chiu et al. 2022 (doi:10.1289/EHP10103)"
PFBS,rat,Male,203,20.0,4.0,300.0,mg/kg single,18500.0,22.0,356289.0,0.120479,0.065416,0.1895,day,0.1205,0.00033,0.223899,0.132024,0.337623,1.329501,0.782252,1.94438,L/kg/day,0.25,2-compartment,"EPA CPHEA animal PFAS PK population fits, re-harvested in ../species_dose/harvest_pk.py; human rows from Chiu et al. 2022 (doi:10.1289/EHP10103)"
PFBS,mouse,Female,64,300.0,30.0,300.0,mg/kg single,55355.5,29.23,1089157.0,0.125353,0.098717,0.153688,day,0.1254,0.00034,0.356871,0.206508,0.513654,1.962934,1.341809,2.612605,L/kg/day,0.025,2-compartment,"EPA CPHEA animal PFAS PK population fits, re-harvested in ../species_dose/harvest_pk.py; human rows from Chiu et al. 2022 (doi:10.1289/EHP10103)"
PFBS,mouse,Male,72,300.0,30.0,300.0,mg/kg single,118255.0,545.76,933390.0,0.186244,0.15443,0.221081,day,0.1862,0.00051,0.3095,0.2166,0.403822,1.149508,0.92788,1.394159,L/kg/day,0.025,2-compartment,"EPA CPHEA animal PFAS PK population fits, re-harvested in ../species_dose/harvest_pk.py; human rows from Chiu et al. 2022 (doi:10.1289/EHP10103)"
PFDA,rat,Female,210,2.0,1.0,48.64,mg/kg single,6765.0,71.5,150072.745196151,68.775086,27.719108,116.177626,day,68.7751,0.18830,0.30071,0.188245,0.446364,0.003225,0.001782,0.00482,L/kg/day,0.25,2-compartment,"EPA CPHEA animal PFAS PK population fits, re-harvested in ../species_dose/harvest_pk.py; human rows from Chiu et al. 2022 (doi:10.1289/EHP10103)"
PFDA,rat,Male,208,2.0,1.0,48.64,mg/kg single,5245.0,113.395991,119972.5956970608,88.404604,35.632493,153.25351,day,88.4046,0.24204,0.405538,0.249158,0.578981,0.003459,0.001682,0.00554,L/kg/day,0.25,2-compartment,"EPA CPHEA animal PFAS PK population fits, re-harvested in ../species_dose/harvest_pk.py; human rows from Chiu et al. 2022 (doi:10.1289/EHP10103)"
PFHxA,primate,Female,13,10.0,10.0,10.0,mg/kg single,3078.0,84.3,25140.0,0.053703,0.045174,0.063303,day,0.0537,0.00015,0.3926,0.255343,0.541184,5.042157,3.838721,6.335263,L/kg/day,2.6,2-compartment,"EPA CPHEA animal PFAS PK population fits, re-harvested in ../species_dose/harvest_pk.py; human rows from Chiu et al. 2022 (doi:10.1289/EHP10103)"
PFHxA,primate,Male,16,10.0,10.0,10.0,mg/kg single,1990.5,30.3,25993.0,0.121071,0.089737,0.159818,day,0.1211,0.00033,0.827407,0.38328,1.341575,4.686035,2.778007,6.876545,L/kg/day,2.6,2-compartment,"EPA CPHEA animal PFAS PK population fits, re-harvested in ../species_dose/harvest_pk.py; human rows from Chiu et al. 2022 (doi:10.1289/EHP10103)"
PFHxA,rat,Female,129,80.0,2.0,160.0,mg/kg single,24200.0,24.5,285000.0,0.034205,0.01721,0.052551,day,0.0342,0.00009,0.387792,0.215154,0.576781,8.114788,4.532205,11.699676,L/kg/day,0.25,2-compartment,"EPA CPHEA animal PFAS PK population fits, re-harvested in ../species_dose/harvest_pk.py; human rows from Chiu et al. 2022 (doi:10.1289/EHP10103)"
PFHxA,rat,Male,162,45.0,0.1,300.0,mg/kg single,34900.0,0.483904785,385230.0,0.095066,0.066188,0.123936,day,0.0951,0.00026,0.426385,0.29229,0.557716,3.118087,2.621566,3.596999,L/kg/day,0.25,2-compartment,"EPA CPHEA animal PFAS PK population fits, re-harvested in ../species_dose/harvest_pk.py; human rows from Chiu et al. 2022 (doi:10.1289/EHP10103)"
PFHxA,mouse,Female,64,100.0,2.0,350.0,mg/kg single,23250.0,7.477316,509000.0,0.250728,0.025331,0.630037,day,0.2507,0.00069,1.525444,0.211891,3.665139,4.440819,2.864873,6.069332,L/kg/day,0.025,2-compartment,"EPA CPHEA animal PFAS PK population fits, re-harvested in ../species_dose/harvest_pk.py; human rows from Chiu et al. 2022 (doi:10.1289/EHP10103)"
PFHxA,mouse,Male,21,100.0,2.0,100.0,mg/kg single,1601.401703,6.421658,375295.18669999996,0.214918,0.140878,0.308521,day,0.2149,0.00059,0.686878,0.401116,1.03806,2.206694,1.841286,2.594592,L/kg/day,0.025,2-compartment,"EPA CPHEA animal PFAS PK population fits, re-harvested in ../species_dose/harvest_pk.py; human rows from Chiu et al. 2022 (doi:10.1289/EHP10103)"
PFHxS,human,Male,38,3.699813728211247e-07,5.7963748408642874e-08,2.0965611126530403e-06,mg/kg per day,10.0,2.3,27.34,2.35,1.65,3.16,year,858.3375,2.35000,0.29,0.17,0.45,0.025,0.012,0.039,L/kg/year,80.0,1-compartment,"EPA CPHEA animal PFAS PK population fits, re-harvested in ../species_dose/harvest_pk.py; human rows from Chiu et al. 2022 (doi:10.1289/EHP10103)"
PFHxS,primate,Female,45,10.0,10.0,10.0,mg/kg single,41397.64288,3307.362896,217972.0369,74.376449,56.844599,93.432966,day,74.3764,0.20363,0.222934,0.191194,0.252902,0.002099,0.001698,0.002484,L/kg/day,2.6,2-compartment,"EPA CPHEA animal PFAS PK population fits, re-harvested in ../species_dose/harvest_pk.py; human rows from Chiu et al. 2022 (doi:10.1289/EHP10103)"
PFHxS,primate,Male,45,10.0,10.0,10.0,mg/kg single,37594.47976,13493.67013,212400.0444,177.641277,90.558622,296.873177,day,177.6413,0.48636,0.272014,0.234607,0.311763,0.001165,0.000596,0.001698,L/kg/day,2.6,2-compartment,"EPA CPHEA animal PFAS PK population fits, re-harvested in ../species_dose/harvest_pk.py; human rows from Chiu et al. 2022 (doi:10.1289/EHP10103)"
PFHxS,rat,Female,225,4.0,0.5,32.0,mg/kg single,10100.0,7.124604,172000.0,1.744439,0.960979,2.588129,day,1.7444,0.00478,0.239644,0.158738,0.319527,0.09821,0.06505,0.13464,L/kg/day,0.25,2-compartment,"EPA CPHEA animal PFAS PK population fits, re-harvested in ../species_dose/harvest_pk.py; human rows from Chiu et al. 2022 (doi:10.1289/EHP10103)"
PFHxS,rat,Male,211,10.0,4.0,32.0,mg/kg single,28000.0,1818.509775,226000.0,29.712661,18.345709,42.107583,day,29.7127,0.08135,0.20155,0.134262,0.265611,0.004793,0.003386,0.006193,L/kg/day,0.25,2-compartment,"EPA CPHEA animal PFAS PK population fits, re-harvested in ../species_dose/harvest_pk.py; human rows from Chiu et al. 2022 (doi:10.1289/EHP10103)"
PFHxS,mouse,Female,16,10.5,1.0,20.0,mg/kg single,8831.683168,162.816282,168527.6074,26.665119,25.435644,27.952966,day,26.6651,0.07301,0.120661,0.111059,0.130359,0.003136,0.002949,0.003323,L/kg/day,0.025,1-compartment,"EPA CPHEA animal PFAS PK population fits, re-harvested in ../species_dose/harvest_pk.py; human rows from Chiu et al. 2022 (doi:10.1289/EHP10103)"
PFHxS,mouse,Male,16,10.5,1.0,20.0,mg/kg single,8012.101210000001,162.816282,129877.30060000002,27.397326,25.625428,29.450666,day,27.3973,0.07501,0.150581,0.13384,0.168028,0.003809,0.003488,0.004133,L/kg/day,0.025,1-compartment,"EPA CPHEA animal PFAS PK population fits, re-harvested in ../species_dose/harvest_pk.py; human rows from Chiu et al. 2022 (doi:10.1289/EHP10103)"
PFNA,human,Male,38,2.466542485474165e-07,2.466542485474165e-07,8.879552947706992e-07,mg/kg per day,1.1,0.4,5.71,2.35,1.65,3.16,year,858.3375,2.35000,0.19,0.11,0.3,0.056,0.033,0.093,L/kg/year,80.0,1-compartment,"EPA CPHEA animal PFAS PK population fits, re-harvested in ../species_dose/harvest_pk.py; human rows from Chiu et al. 2022 (doi:10.1289/EHP10103)"
PFNA,rat,Female,161,3.0,0.5,48.64,mg/kg single,530.0,0.348325,135474.335899323,2.830816,2.284093,3.347696,day,2.8308,0.00775,0.277795,0.225917,0.33063,0.068166,0.058799,0.077351,L/kg/day,0.25,2-compartment,"EPA CPHEA animal PFAS PK population fits, re-harvested in ../species_dose/harvest_pk.py; human rows from Chiu et al. 2022 (doi:10.1289/EHP10103)"
PFNA,rat,Male,131,3.0,0.05,48.64,mg/kg single,6540.0,8.359026242,127080.80381718779,53.721702,22.218042,90.983053,day,53.7217,0.14708,0.23975,0.1304,0.355222,0.003305,0.001734,0.005035,L/kg/day,0.25,2-compartment,"EPA CPHEA animal PFAS PK population fits, re-harvested in ../species_dose/harvest_pk.py; human rows from Chiu et al. 2022 (doi:10.1289/EHP10103)"
PFNA,mouse,Female,80,5.5,1.0,10.0,mg/kg single,6456.01,743.01,52291.01,59.439236,39.445833,84.551375,day,59.4392,0.16274,0.348445,0.304148,0.395094,0.004186,0.003097,0.005235,L/kg/day,0.025,2-compartment,"EPA CPHEA animal PFAS PK population fits, re-harvested in ../species_dose/harvest_pk.py; human rows from Chiu et al. 2022 (doi:10.1289/EHP10103)"
PFNA,mouse,Male,80,5.5,1.0,10.0,mg/kg single,3599.4499999999994,331.45000000000005,29694.45,227.459627,46.698764,445.872398,day,227.4596,0.62275,0.602612,0.508477,0.729341,0.003928,0.000828,0.006354,L/kg/day,0.025,2-compartment,"EPA CPHEA animal PFAS PK population fits, re-harvested in ../species_dose/harvest_pk.py; human rows from Chiu et al. 2022 (doi:10.1289/EHP10103)"
PFOA,human,Male,310,2.4665424854741647e-06,1.9732339883793318e-07,2.343215361200456e-05,mg/kg per day,19.6,1.6,365.66,3.14,2.69,3.73,year,1146.8850,3.14000,0.43,0.32,0.59,0.095,0.074,0.126,L/kg/year,80.0,1-compartment,"EPA CPHEA animal PFAS PK population fits, re-harvested in ../species_dose/harvest_pk.py; human rows from Chiu et al. 2022 (doi:10.1289/EHP10103)"
PFOA,primate,Female,45,10.0,10.0,10.0,mg/kg single,41940.0,890.0,96400.0,25.34252,21.671821,29.262825,day,25.3425,0.06938,0.169426,0.140489,0.199118,0.004644,0.003946,0.005388,L/kg/day,2.6,1-compartment,"EPA CPHEA animal PFAS PK population fits, re-harvested in ../species_dose/harvest_pk.py; human rows from Chiu et al. 2022 (doi:10.1289/EHP10103)"
PFOA,primate,Male,43,10.0,10.0,10.0,mg/kg single,39450.0,40.0,96660.0,11.44871,9.764974,13.262557,day,11.4487,0.03134,0.179014,0.124337,0.236237,0.010829,0.008058,0.013708,L/kg/day,2.6,1-compartment,"EPA CPHEA animal PFAS PK population fits, re-harvested in ../species_dose/harvest_pk.py; human rows from Chiu et al. 2022 (doi:10.1289/EHP10103)"
PFOA,rat,Female,377,5.0,0.1,320.0,mg/kg single,3704.0,4.0,581000.0,0.690461,0.27103,1.3099,day,0.6905,0.00189,0.648622,0.282338,1.182898,0.666281,0.474401,0.858953,L/kg/day,0.25,2-compartment,"EPA CPHEA animal PFAS PK population fits, re-harvested in ../species_dose/harvest_pk.py; human rows from Chiu et al. 2022 (doi:10.1289/EHP10103)"
PFOA,rat,Male,860,1.0,0.1,48.64,mg/kg single,3660.0,1.0,296000.0,14.20016,6.291023,23.182508,day,14.2002,0.03888,0.289453,0.190451,0.380075,0.015074,0.008306,0.022626,L/kg/day,0.25,2-compartment,"EPA CPHEA animal PFAS PK population fits, re-harvested in ../species_dose/harvest_pk.py; human rows from Chiu et al. 2022 (doi:10.1289/EHP10103)"
PFOA,mouse,Female,243,10.0,1.0,60.0,mg/kg single,15800.0,183.0,236000.0,21.45258,2.500616,53.102589,day,21.4526,0.05873,0.298502,0.076388,0.569448,0.012384,0.003276,0.025395,L/kg/day,0.025,2-compartment,"EPA CPHEA animal PFAS PK population fits, re-harvested in ../species_dose/harvest_pk.py; human rows from Chiu et al. 2022 (doi:10.1289/EHP10103)"
PFOA,mouse,Male,179,10.0,1.0,10.0,mg/kg single,6570.0,89.0,80000.0,25.630496,20.119525,31.968723,day,25.6305,0.07017,0.252157,0.205973,0.303788,0.006938,0.006085,0.007771,L/kg/day,0.025,2-compartment,"EPA CPHEA animal PFAS PK population fits, re-harvested in ../species_dose/harvest_pk.py; human rows from Chiu et al. 2022 (doi:10.1289/EHP10103)"
PFOS,human,Male,87,2.2198882369267483e-06,1.2332712427370824e-07,2.2198882369267485e-05,mg/kg per day,35.1,4.0,236.0,3.36,2.52,4.42,year,1227.2400,3.36000,0.32,0.22,0.47,0.066,0.048,0.092,L/kg/year,80.0,1-compartment,"EPA CPHEA animal PFAS PK population fits, re-harvested in ../species_dose/harvest_pk.py; human rows from Chiu et al. 2022 (doi:10.1289/EHP10103)"
PFOS,primate,Female,46,2.0,2.0,2.0,mg/kg single,6208.8210515,1978.318883,12876.09005,96.303432,74.733064,120.324231,day,96.3034,0.26366,0.262852,0.234956,0.291862,0.001912,0.001561,0.00225,L/kg/day,2.6,2-compartment,"EPA CPHEA animal PFAS PK population fits, re-harvested in ../species_dose/harvest_pk.py; human rows from Chiu et al. 2022 (doi:10.1289/EHP10103)"
PFOS,primate,Male,48,2.0,2.0,2.0,mg/kg single,8961.056221499999,3760.918101,16577.23886,135.888134,100.46529,178.82165,day,135.8881,0.37204,0.212059,0.189445,0.232216,0.001099,0.000856,0.001343,L/kg/day,2.6,2-compartment,"EPA CPHEA animal PFAS PK population fits, re-harvested in ../species_dose/harvest_pk.py; human rows from Chiu et al. 2022 (doi:10.1289/EHP10103)"
PFOS,rat,Female,233,2.0,2.0,20.0,mg/kg single,4900.0,63.0,139000.0,54.733961,25.332193,89.654591,day,54.7340,0.14985,0.345665,0.214779,0.476401,0.004641,0.002479,0.006864,L/kg/day,0.25,2-compartment,"EPA CPHEA animal PFAS PK population fits, re-harvested in ../species_dose/harvest_pk.py; human rows from Chiu et al. 2022 (doi:10.1289/EHP10103)"
PFOS,rat,Male,246,2.0,0.1,20.0,mg/kg single,3987.5575865,6.197375233,110000.0,57.074776,33.41071,85.938742,day,57.0748,0.15626,0.441925,0.289261,0.608584,0.005508,0.003662,0.007389,L/kg/day,0.25,2-compartment,"EPA CPHEA animal PFAS PK population fits, re-harvested in ../species_dose/harvest_pk.py; human rows from Chiu et al. 2022 (doi:10.1289/EHP10103)"
PFOS,mouse,Female,16,10.5,1.0,20.0,mg/kg single,3988.795518,257.703081,59885.17655,32.809854,30.253685,35.298062,day,32.8099,0.08983,0.274231,0.247402,0.299914,0.005795,0.005408,0.006197,L/kg/day,0.025,1-compartment,"EPA CPHEA animal PFAS PK population fits, re-harvested in ../species_dose/harvest_pk.py; human rows from Chiu et al. 2022 (doi:10.1289/EHP10103)"
PFOS,mouse,Male,16,10.5,1.0,20.0,mg/kg single,4338.359534,280.11204499999997,62150.99715,35.490518,32.351155,38.554533,day,35.4905,0.09717,0.285961,0.257003,0.315222,0.005587,0.005177,0.006009,L/kg/day,0.025,1-compartment,"EPA CPHEA animal PFAS PK population fits, re-harvested in ../species_dose/harvest_pk.py; human rows from Chiu et al. 2022 (doi:10.1289/EHP10103)"
