PFAS,species,halflife_female_d,halflife_male_d,halflife_ratio_F_over_M,vd_ratio_F_over_M,clearance_ratio_F_over_M,pct_attributable_to_clearance,serum_median_female_ngml,serum_median_male_ngml,dose_median_female,dose_median_male,dose_units
PFBA,rat,0.0979,0.3478,0.2815,1.022,3.573,98.3,11263.2,76111.4,30.000,30.000,mg/kg single
PFBA,mouse,0.1861,0.7239,0.2571,0.743,2.906,78.2,26750.3,51930.0,30.000,30.000,mg/kg single
PFBA,primate,0.2231,0.1971,1.1320,0.738,0.651,58.5,149.7,103.7,10.000,10.000,mg/kg single
PFBS,rat,0.0409,0.1205,0.3395,1.363,4.033,81.8,7940.0,18500.0,20.000,20.000,mg/kg single
PFBS,mouse,0.1254,0.1862,0.6731,1.153,1.708,79.0,55355.5,118255.0,300.000,300.000,mg/kg single
PFBS,primate,0.5277,0.5639,0.9359,1.106,1.229,67.3,7983.0,8399.9,10.000,10.000,mg/kg single
PFDA,rat,68.7751,88.4046,0.7780,0.742,0.932,19.0,6765.0,5245.0,2.000,2.000,mg/kg single
PFHxA,rat,0.0342,0.0951,0.3598,0.909,2.602,91.0,24200.0,34900.0,80.000,45.000,mg/kg single
PFHxA,mouse,0.2507,0.2149,1.1666,2.221,2.012,46.7,23250.0,1601.4,100.000,100.000,mg/kg single
PFHxA,primate,0.0537,0.1211,0.4436,0.474,1.076,8.9,3078.0,1990.5,10.000,10.000,mg/kg single
PFHxS,rat,1.7444,29.7127,0.0587,1.189,20.490,94.6,10100.0,28000.0,4.000,10.000,mg/kg single
PFHxS,mouse,26.6651,27.3973,0.9733,0.801,0.823,46.7,8831.7,8012.1,10.500,10.500,mg/kg single
PFHxS,primate,74.3764,177.6413,0.4187,0.820,1.802,74.7,41397.6,37594.5,10.000,10.000,mg/kg single
PFNA,rat,2.8308,53.7217,0.0527,1.159,20.625,95.4,530.0,6540.0,3.000,3.000,mg/kg single
PFNA,mouse,59.4392,227.4596,0.2613,0.578,1.066,10.4,6456.0,3599.4,5.500,5.500,mg/kg single
PFOA,rat,0.6905,14.2002,0.0486,2.241,44.201,82.4,3704.0,3660.0,5.000,1.000,mg/kg single
PFOA,mouse,21.4526,25.6305,0.8370,1.184,1.785,77.4,15800.0,6570.0,10.000,10.000,mg/kg single
PFOA,primate,25.3425,11.4487,2.2136,0.946,0.429,93.9,41940.0,39450.0,10.000,10.000,mg/kg single
PFOS,rat,54.7340,57.0748,0.9590,0.782,0.843,41.1,4900.0,3987.6,2.000,2.000,mg/kg single
PFOS,mouse,32.8099,35.4905,0.9245,0.959,1.037,46.6,3988.8,4338.4,10.500,10.500,mg/kg single
PFOS,primate,96.3034,135.8881,0.7087,1.240,1.740,72.1,6208.8,8961.1,2.000,2.000,mg/kg single
